384 Plate ID,Plate Map,Well,Human Readable Name,CatNumber,MoleculeID,Concentration,Unit,Well X,Well Y,Barcode,M.w.,CAS Number,Form,Targets,Information,Smiles,Max Solubility in DMSO,URL,Pathway,sample_type
SelleckChem006 1to5,SP0147-A,A01,,Bx,Bx-A01,,,,,,,,,,,,,,,vehicle_control
SelleckChem006 1to5,SP0147-A,A02,,Bx,Bx-A02,,,,,,,,,,,,,,,vehicle_control
SelleckChem006 1to5,SP0147-A,A03,PF-3758309,S7094,SW219931-1,2,m,3,1,192900339,490.62,898044-15-0,Free Base,PAK,PF-03758309 is a potent; ATP-competitive; pyrrolopyrazole inhibitor of PAK4  with IC50 of 1.3 nM.,C12=C(N=C(N=C1NC3C4=C(NN=3)C(N(C4)C(=O)N[C@H](CN(C)C)C5=CC=CC=C5)(C)C)C)C=CS2,98,www.selleckchem.com/products/pf-3758309.html,Cytoskeletal Signaling,sample
SelleckChem006 1to5,SP0147-A,A04,SRPIN340,S7270,SW219726-1,2,m,4,1,179740270,349.35,218156-96-8,free base,Others,SRPIN340 is a selective SRPK inhibitor with Ki of 0.89 _M for SRPK1; showing no significant inhibitory activity against more than 140 other kinases..,C1=CC(=C(C=C1C(F)(F)F)NC(C2=CC=NC=C2)=O)N3CCCCC3,200,http://www.selleckchem.com/products/srpin340.html,Others,sample
SelleckChem006 1to5,SP0147-A,A05,LGX818,S7108,SW220064-1,2,m,5,1,192916720,540.01,1269440-17-6,free base,RAF,LGX818 is a highly potent RAF inhibitor with selective anti-proliferative and apoptotic activity in cells expressing B-RAF(V600E) with EC50 of 4 nM.,CC(C)N1C=C(C(=N1)C2=CC(=CC(=C2F)NS(=O)(=O)C)Cl)C3=NC(=NC=C3)NCC(C)NC(=O)OC,185,http://www.selleckchem.com/products/lgx818.html,MAPK,sample
SelleckChem006 1to5,SP0147-A,A06,NMS-873,S7285,SW219853-1,2,m,6,1,179713599,520.67,1418013-75-8,free base,p97,NMS-873 is an allosteric and specific p97 inhibitor with IC50 of 30 nM.,C1=CC=NC=C1N2C(=NN=C2COC3=CC=C(C(=C3)C)C4=CC=C(C=C4)S(=O)(=O)C)SC5CCCC5,192,http://www.selleckchem.com/products/nms-873.html,Ubiquitin,sample
SelleckChem006 1to5,SP0147-A,A07,SC144,S7124,SW219825-1,2,m,7,1,192916661,322.3,895158-95-9,free base,Others,SC144 is an orally active small-molecule gp130 inhibitor.,C1=CC=C2N1C3=C(N=C2NNC(=O)C4=CN=CC=N4)C=C(C=C3)F,86,http://www.selleckchem.com/products/sc144.html,Others,sample
SelleckChem006 1to5,SP0147-A,A08,IWP-L6,S7301,SW219907-1,2,m,8,1,179710174,472.58,1427782-89-5,free base,Wnt/beta-catenin,IWP-L6 is a highly potent Porcn inhibitor with EC50 of 0.5 nM.,C12=C(C(N(C(=N1)SCC(NC3=NC=C(C=C3)C4=CC=CC=C4)=O)C5=CC=CC=C5)=O)SCC2,52,http://www.selleckchem.com/products/iwp-l6.html,Stem Cells &  Wnt,sample
SelleckChem006 1to5,SP0147-A,A09,IU1,S7134,SW219677-1,2,m,9,1,192916858,300.37,314245-33-5,free base,DUB,IU1 is a cell-permeable; reversible and selective proteasome inhibitor of human USP14 with IC50 of 4.7 _ M; 25-fold selective to IsoT.,C1=C(C=CC(=C1)N2C(=C(C=C2C)C(CN3CCCC3)=O)C)F,199,http://www.selleckchem.com/products/iu1.html,Proteases,sample
SelleckChem006 1to5,SP0147-A,A10,TG003,S7320,SW219950-1,2,m,10,1,192961119,249.33,300801-52-9,free base,CDK,TG003 is a potent and ATP-competitive Cdc2-like kinase (Clk) inhibitor with IC50 of 20 nM; 200 nM; and 15 nM for Clk1; Clk2; and Clk4; respectively. No inhibitory effect on Clk3; SRPK1; SRPK2; or PKC.,C12N(/C(=C/C(C)=O)SC=1C=CC(=C2)OC)CC,24,http://www.selleckchem.com/products/tg003.html,Cell Cycle,sample
SelleckChem006 1to5,SP0147-A,A11,AZD1080,S7145,SW219647-1,2,m,11,1,192900360,334.37,612487-72-6,free base,GSK-3,AZD1080 is a selective; orally active; brain permeable GSK3 inhibitor; inhibits human GSK3_ and GSK3_ with Ki of 6.9 nM and 31 nM; respectively; shows >14-fold selectivity against CDK2; CDK5; CDK1 and Erk2.,C1=C(C=C2C(=C1)NC(=C2C3=CC=C(C=N3)CN4CCOCC4)O)C#N,155,http://www.selleckchem.com/products/azd1080.html,PI3K/Akt/mTOR,sample
SelleckChem006 1to5,SP0147-A,A12,K-Ras(G12C) inhibitor 6,S7333,SW222246-1,2,m,12,1,192916771,405.34,2060530-16-5,free base,Ras,K-Ras(G12C) inhibitor 6 is an allosteric; and selective inhibitor of oncogenic K-Ras(G12C).,SCCCC(=O)NC1CCN(CC1)C(=O)COC2=CC=C(Cl)C=C2Cl,199,http://www.selleckchem.com/products/k-ras-g12c-inhibitor-6.html,Cell Cycle,sample
SelleckChem006 1to5,SP0147-A,A13,Ilomastat (GM6001; Galardin),S7157,SW218170-2,2,m,13,1,181342746,388.46,142880-36-2,free base,MMP,GM6001 (galardin; ilomastat) is a broad spectrum matrix metalloprotease (MMP) inhibitor for MMP-1; MMP-2; MMP-3; MMP-7; MMP-8; MMP-9; MMP-12; MMP-14; and MMP-26 with Ki of 0.4 nM; 0.5 nM; 27 nM; 3.7 nM; 0.1 nM; 0.2 nM; 3.6 nM; 13.4 nM; 0.36 nM; respectively.,C1=CC=C2C(=C1)C(=CN2)C[C@@H](C(=O)NC)NC(=O)[C@@H](CC(=O)NO)CC(C)C,200,https://www.selleckchem.com/products/gm6001.html,Proteases,sample
SelleckChem006 1to5,SP0147-A,A14,ARQ 621,S7355,SW219929-1,2,m,14,1,192884848,552.43,1095253-39-6,Free Base,Kinesin,ARQ 621 is an allosteric; and selective Eg5 mitotic motor protein inhibitor. Phase 1.,,,,,sample
SelleckChem006 1to5,SP0147-A,A15,PF-543,S7177,SW218168-2,2,m,15,1,192932343,465.6,1415562-82-1,Free Base,S1P Receptor,PF-543; a novel sphingosine-competitive inhibitor of SphK1; inhibits SphK1 with IC50 and Ki of 2.0 nM and 3.6 nM; exhibits >100-fold selectivity over the SphK2 isoform.,C1=CC=CC(=C1)S(CC2=CC(=CC(=C2)C)OCC3=CC=C(C=C3)CN4[C@H](CCC4)CO)(=O)=O,93,www.selleckchem.com/products/pf-543.html,GPCR & G Protein,sample
SelleckChem006 1to5,SP0147-A,A16,GNE-9605,S7368,SW220179-1,2,m,16,1,192944010,449.83,1536200-31-3,Free Base,LRRK2,GNE-9605 is a highly potent and selective leucine-rich repeat kinase 2 (LRRK2) inhibitor with Ki and IC50 of 2 nM and 19 nM; respectively.,,,,,sample
SelleckChem006 1to5,SP0147-A,A17,DBeQ,S7199,SW208073-2,2,m,17,1,181365643,340.42,177355-84-9,free base,p97,DBeQ is a selective; potent; reversible; and ATP-competitive p97 inhibitor with IC50 of 1.5 _M.,C1=CC=C2C(=C1)N=C(N=C2NCC3=CC=CC=C3)NCC4=CC=CC=C4,199,http://www.selleckchem.com/products/dbeq.html,Ubiquitin,sample
SelleckChem006 1to5,SP0147-A,A18,Phosphoramidon Disodium Salt,S7382,SW219433-1,2,m,18,1,192932962,588.48,164204-38-0,Salt,Others,Phosphoramidon Disodium Salt is a metalloendopeptidase inhibitor; widely used as a biochemical tool.,,,,,sample
SelleckChem006 1to5,SP0147-A,A19,OAC1,S7217,SW219832-1,2,m,19,1,181365439,237.26,300586-90-7,free base,Others,OAC1 (Oct4-activating compound 1) can enhance the efficiency of reprogramming.,C1=CC=CC(=C1)C(NC2=CC3=C(C=N2)NC=C3)=O,198,http://www.selleckchem.com/products/oac1.html,Others,sample
SelleckChem006 1to5,SP0147-A,A20,Puromycin 2HCl,S7417,SW220099-1,2,m,20,1,192933005,544.43,58-58-2,Salt,Others,Puromycin 2HCl is an aminonucleoside antibiotic; which acts as a protein synthesis inhibitor.,,,,,sample
SelleckChem006 1to5,SP0147-A,A21,AGI-6780,S7241,SW220033-1,2,m,21,1,192916801,481.51,1432660-47-3,free base,IDH2,AGI-6780 is a potent and selective inhibitor of IDH2 R140Q mutant with IC50 of 23 nM.,C1CC1NS(=O)(=O)C2=CC(=C(C=C2)C3=CSC=C3)NC(=O)NC4=CC=CC(=C4)C(F)(F)F,199,http://www.selleckchem.com/products/agi-6780.html,Metabolism,sample
SelleckChem006 1to5,SP0147-A,A22,AR-A014418,S7435,SW219711-1,2,m,22,1,192960887,308.31,487021-52-3,free base,GSK-3,AR-A014418 is an ATP-competitive; and selective GSK3_ inhibitor with IC50 and Ki of 104 nM and 38 nM; without significant inhibition on 26 other kinases tested.,C1=C(SC(=N1)NC(NCC2=CC=C(C=C2)OC)=O)[N+](=O)[O-],201,http://www.selleckchem.com/products/ar-a014418.html,PI3K/Akt/mTOR,sample
SelleckChem006 1to5,SP0147-A,A23,,Bx,Bx-A23,,,,,,,,,,,,,,,vehicle_control
SelleckChem006 1to5,SP0147-A,A24,,Bx,Bx-A24,,,,,,,,,,,,,,,vehicle_control
SelleckChem006 1to5,SP0147-A,B01,,Bx,Bx-B01,,,,,,,,,,,,,,,vehicle_control
SelleckChem006 1to5,SP0147-A,B02,,Bx,Bx-B02,,,,,,,,,,,,,,,vehicle_control
SelleckChem006 1to5,SP0147-A,B03,LB42708,S7467,SW220047-1,2,m,3,2,192917871,555.46,226929-39-1,free base,Ftase,LB42708 is an orally active farnesyltransferase (FTase) inhibitor with IC50 of 0.8; 1.2; and 2.0 nM toward H-ras; N-ras; and K-ras; respectively.,C1COCCN1C(=O)C2=CN(C=C2C3=CC=CC4=CC=CC=C43)CC5=CN=CN5CC6=CC=C(C=C6)Br,180,http://www.selleckchem.com/products/lb42708.html,Metabolism,sample
SelleckChem006 1to5,SP0147-A,B04,PluriSIn #1 (NSC 14613),S8076,SW219761-1,2,m,4,2,181359590,213.24,91396-88-2,free base,Dehydrogenase,PluriSIn #1 is an inhibitor of the stearoyl-coA desaturase 1 (SCD1); which is able to selectively eliminate hPSCs.,C1=CC(=CC=N1)C(=O)NNC2C=CC=CC=2,201,http://www.selleckchem.com/products/PluriSIn-1-nsc-14613.html,Metabolism,sample
SelleckChem006 1to5,SP0147-A,B05,INH1,S7493,SW219216-1,2,m,5,2,179744498,308.4,313553-47-8,Free Base,Microtubule Associat,INH1 is a cell-permeable Hec1 inhibitor; which specifically disrupts the Hec1/Nek2 interaction.,,,,,sample
SelleckChem006 1to5,SP0147-A,B06,,Bx,Bx-B06,,,,,,,,,,,,,,,vehicle_control
SelleckChem006 1to5,SP0147-A,B07,ML167,S7509,SW220083-1,2,m,7,2,192917205,335.36,1285702-20-6,free base,CDK,ML167 is a highly selective Cdc2-like kinase 4 (Clk4) inhibitor with IC50 of 136 nM; >10-fold selectivity for closely related kinases Clk1-3 and Dyrk1A/1B.,CC1=CC=C(O1)CNC2=NC=NC3=C2C=C(C=C3)C4=CC=C(O4)CO,199,http://www.selleckchem.com/products/ml167.html,Cell Cycle,sample
SelleckChem006 1to5,SP0147-A,B08,,Bx,Bx-B08,,,,,,,,,,,,,,,vehicle_control
SelleckChem006 1to5,SP0147-A,B09,FR 180204,S7524,SW218212-2,2,m,9,2,192932673,327.34,865362-74-9,,ERK-1/-2 Inhibitor,FR 180204 is an ATP-competitive; selective ERK inhibitor with Ki of 0.31 _M and 0.14 _M for ERK1 And ERK2; respectively. ,NC1=NNC2C(=CC(=NN=2)C3C(=NN4C=CC=CC4=3)C5C=CC=CC=5)1,198.57,https://www.selleckchem.com/products/fr180204.html,MAPK,sample
SelleckChem006 1to5,SP0147-A,B10,,Bx,Bx-B10,,,,,,,,,,,,,,,vehicle_control
SelleckChem006 1to5,SP0147-A,B11,WH-4-023,S7565,SW219350-1,2,m,11,2,192961971,568.67,837422-57-8,Free Base,Src,WH-4-023 is a potent and orally active Lck/Src inhibitor with IC50 of 2 nM and 6 nM; respectively. ,,,,,sample
SelleckChem006 1to5,SP0147-A,B12,,Bx,Bx-B12,,,,,,,,,,,,,,,vehicle_control
SelleckChem006 1to5,SP0147-A,B13,SecinH3,S7685,SW220259-1,2,m,13,2,192909519,460.5,853625-60-2,,GDP/GTP Exchange Factor Inhibitor,SecinH3 is a selective cytohesin inhibitor with IC50 of 2.4 _M; 5.4 _M; 5.4 _M; 5.6 _M; 5.6 _M; and 65 _M for hCyh2; hCyh1; mCyh3; hCyh3; drosophila steppke; and yGea2-S7; respectively. ,O(C1=NN(C2=CC=C(NC(=O)CSC3=CC=CC=C3)C=C2)C(=N1)C4=CC=C5OCOC5=C4)C,199.78,https://www.selleckchem.com/products/secinh3.html,Apoptosis,sample
SelleckChem006 1to5,SP0147-A,B14,,Bx,Bx-B14,,,,,,,,,,,,,,,vehicle_control
SelleckChem006 1to5,SP0147-A,B15,VE-821,S8007,SW219507-1,2,m,15,2,192962770,368.41,1232410-49-9,free base,ATM/ATR,VE-821 is a potent and selective ATP competitive inhibitor of ATR with Ki/IC50 of 13 nM/26 nM; shows inhibition of H2AX phosphorylation; minimal activity against PIKKs ATM; DNA-PK; mTOR and PI3K_.,C1(C(=NC=C(N=1)C2C=CC(=CC=2)S(=O)(=O)C)N)C(=O)NC3C=CC=CC=3,200,http://www.selleckchem.com/products/ve-821.html,DNA Damage,sample
SelleckChem006 1to5,SP0147-A,B16,,Bx,Bx-B16,,,,,,,,,,,,,,,vehicle_control
SelleckChem006 1to5,SP0147-A,B17,Vortioxetine (Lu AA21004) HBr,S8021,SW219360-1,2,m,17,2,192930169,379.36,960203-27-4,hydrobromide,5-HT Receptor,Vortioxetine (Lu AA21004) is a multimodal serotonergic agent; inhibits 5-HT1A; 5-HT1B; 5-HT3A; 5-HT7 receptor and SERT with IC50 of 15 nM; 33 nM; 3.7 nM; 19 nM and 1.6 nM; respectively. Phase 3.,C1(=CC=C(C(=C1)C)SC2=CC=CC=C2N3CCNCC3)C.Br,200,http://www.selleckchem.com/products/vortioxetine-lu-aa21004-hydrobromide.html,Neuronal Signaling,sample
SelleckChem006 1to5,SP0147-A,B18,,Bx,Bx-B18,,,,,,,,,,,,,,,vehicle_control
SelleckChem006 1to5,SP0147-A,B19,PRT062607 (P505-15; BIIB057) HCl,S8032,SW220130-1,2,m,19,2,192944217,429.91,1370261-97-4,hydrochloride,Syk,PRT062607 (P505-15) HCl is a novel; highly selective Syk inhibitor with IC50 of 1 nM; >80-fold selective for Syk than Fgr; Lyn; FAK; Pyk2 and Zap70.,N1(=C(N=C(C(=C1)C(N)=O)NC2=CC(=CC=C2)N3N=CC=N3)N[C@@H]4CCCC[C@H]4N).Cl,200,https://www.selleckchem.com/products/prt062607-p505-15-hcl.html,Angiogenesis,sample
SelleckChem006 1to5,SP0147-A,B20,,Bx,Bx-B20,,,,,,,,,,,,,,,vehicle_control
SelleckChem006 1to5,SP0147-A,B21,GW2580,S8042,SW212674-2,2,m,21,2,181359996,366.41,870483-87-7,free base,CSF-1R,GW2580 is a selective CSF-1R inhibitor for c-FMS with IC50 of 30 nM; 150- to 500-fold selective compared to b-Raf; CDK4; c-KIT; c-SRC; EGFR; ERBB2/4; ERK2; FLT-3; GSK3; ITK; JAK2 etc.,N1=C(N=CC(=C1N)CC2=CC=C(C(=C2)OC)OCC3=CC=C(C=C3)OC)N,131,http://www.selleckchem.com/products/gw2580.html,Protein Tyrosine Kinase,sample
SelleckChem006 1to5,SP0147-A,B22,,Bx,Bx-B22,,,,,,,,,,,,,,,vehicle_control
SelleckChem006 1to5,SP0147-A,B23,,Bx,Bx-B23,,,,,,,,,,,,,,,vehicle_control
SelleckChem006 1to5,SP0147-A,B24,,Bx,Bx-B24,,,,,,,,,,,,,,,vehicle_control
SelleckChem006 1to5,SP0147-A,C01,,Bx,Bx-C01,,,,,,,,,,,,,,,vehicle_control
SelleckChem006 1to5,SP0147-A,C02,,Bx,Bx-C02,,,,,,,,,,,,,,,vehicle_control
SelleckChem006 1to5,SP0147-A,C03,KY02111,S7096,SW219524-1,2,m,3,3,179710075,376.86,1118807-13-8,free base,Wnt/beta-catenin,KY02111 promotes differentiation of hPSCs to cardiomyocytes by inhibiting Wnt signaling; may act downstream of APC and GSK3_.,C1(C=C(C(=CC=1)OC)OC)CCC(=O)NC2SC3C(N=2)=CC=C(C=3)Cl,199,https://www.selleckchem.com/products/ky02111.html,Stem Cells &  Wnt,sample
SelleckChem006 1to5,SP0147-A,C04,4-mu-8C,S7272,SW219436-1,2,m,4,3,192916811,204.18,14003-96-4,free base,Others,4_8C is a potent and selective IRE1 Rnase inhibitor with IC50 of 76 nM.,C1(=CC=C2C(=C1C=O)OC(C=C2C)=O)O,93,http://www.selleckchem.com/products/4u8c.html,Others,sample
SelleckChem006 1to5,SP0147-A,C05,(+)-JQ1,S7110,SW220194-1,2,m,5,3,192955853,456.99,1268524-70-4,free base,Epigenetic Reader Domain,(+)-JQ1 is a BET bromodomain inhibitor; with IC50 of 77 nM/33 nM for BRD4(1/2); binding to all bromodomains of the BET family; but not to bromodomains outside the BET family.,N1=C(N2C(=N1)[C@H](N=C(C3=C2SC(=C3C)C)C4=CC=C(C=C4)Cl)CC(OC(C)(C)C)=O)C,199,http://www.selleckchem.com/products/jq1.html,Epigenetics,sample
SelleckChem006 1to5,SP0147-A,C06,PFK15,S7289,SW219876-1,2,m,6,3,194483615,260.29,4382-63-2,Free Base,Others,PFK15 is a potent and selective 6-phosphofructo-2-kinase (PFKFB3) with IC50 of 207 nM.,C1=NC=CC(=C1)C(/C=C/C2=CC=C3C(=N2)C=CC=C3)=O,19,www.selleckchem.com/products/pfk15.html,Others,sample
SelleckChem006 1to5,SP0147-A,C07,KPT-185,S7125,SW219337-1,2,m,7,3,192916637,355.31,1333151-73-7,free base,CRM1,KPT-185 is a selective CRM1 inhibitor.,C1(=CC(=CC(=C1)C2N=CN(N=2)/C=C\C(=O)OC(C)C)OC)C(F)(F)F,199,http://www.selleckchem.com/products/kpt-185.html,Transmembrane Transporters,sample
SelleckChem006 1to5,SP0147-A,C08,Rilpivirine,S7303,SW220232-1,2,m,8,3,192932664,366.42,500287-72-9,free base,Reverse Transcriptase,Rilpivirine is a non-nucleoside reverse transcriptase inhibitor (NNRTI); and used to treat HIV-1 infection.,N1C(=NC=CC=1NC2=C(C=C(C=C2C)/C=C/C#N)C)NC3=CC=C(C#N)C=C3,199,http://www.selleckchem.com/products/rilpivirine.html,Microbiology,sample
SelleckChem006 1to5,SP0147-A,C09,LDN-57444,S7135,SW219408-1,2,m,9,3,181343962,397.64,668467-91-2,free base,DUB,LDN-57444 is a reversible; competitive proteasome inhibitor for Uch-L1 with IC50 of 0.88 _M; 28-fold selectivity over isoform Uch-L3.,C1(=CC=C2C(=C1)/C(C(N2CC3=CC(=CC=C3Cl)Cl)=O)=N\OC(=O)C)Cl,27,http://www.selleckchem.com/products/ldn-57444.html,Proteases,sample
SelleckChem006 1to5,SP0147-A,C10,TMP269,S7324,SW219449-1,2,m,10,3,194487733,514.52,1314890-29-3,Free Base,HDAC,TMP269 is a potent; selective class IIa HDAC inhibitor with IC50 of 157 nM; 97 nM; 43 nM and 23 nM for HDAC4; HDAC5; HDAC7 and HDAC9; respectively.,C1(=CC=CC(=C1)C(NCC2(CCOCC2)C3=NC(=CS3)C4=CC=CC=C4)=O)C5=NOC(=N5)C(F)(F)F,100,www.selleckchem.com/products/tmp269.html,Epigenetics,sample
SelleckChem006 1to5,SP0147-A,C11,DMH1,S7146,SW220065-1,2,m,11,3,192916837,380.44,1206711-16-1,free base,BMP,DMH1 is a selective BMP receptor inhibitor with IC50 of 107.9 nM for ALK2; exhibiting no inhibition on AMPK; ALK5; KDR (VEGFR-2) or PDGFR.,CC(C)OC1=CC=C(C=C1)C2=CN3C(=C(C=N3)C4=CC=NC5=CC=CC=C45)N=C2,84,http://www.selleckchem.com/products/dmh1.html,TGF-beta/Smad,sample
SelleckChem006 1to5,SP0147-A,C12,CW069,S7336,SW219359-1,2,m,12,3,192884227,500.33,1594094-64-0,Free Base,Microtubule Associat,CW069 is an allosteric; and selective inhibitor of microtubule motor protein HSET with IC50 of 75 _M; significant selectivity over KSP.,C1(=CC=C(C(=C1)C(=O)O)NC([C@H](CC2=CC=CC=C2)NCC3=CC=CC=C3)=O)I,100,www.selleckchem.com/products/cw069.html,Cytoskeletal Signaling,sample
SelleckChem006 1to5,SP0147-A,C13,LY2835219,S7158,SW219405-1,2,m,13,3,179607550,602.7,1231930-82-7,mesylate,CDK,LY2835219 is a potent and selective inhibitor of CDK4 and CDK6 with IC50 of 2 nM and 10 nM; respectively.,C1(=CC=C(N=C1)NC2=NC(=C(C=N2)F)C3=CC(=C4C(=C3)N(C(=N4)C)C(C)C)F)CN5(CCN(CC5)CC).CS(=O)(=O)O,137,http://www.selleckchem.com/products/ly2835219.html,Cell Cycle,sample
SelleckChem006 1to5,SP0147-A,C14,HS-173,S7356,SW219873-1,2,m,14,3,192900655,422.46,1276110-06-5,Free Base,PI3K,HS-173 is a potent PI3K_ inhibitor with IC50 of 0.8 nM.,C1=NC=C(C=C1NS(=O)(=O)C2=CC=CC=C2)C3=CN4C(=NC=C4C(=O)OCC)C=C3,84,www.selleckchem.com/products/hs-173.html,PI3K/Akt/mTOR,sample
SelleckChem006 1to5,SP0147-A,C15,AGI-5198,S7185,SW220036-1,2,m,15,3,192917946,462.56,1355326-35-0,free base,Dehydrogenase,AGI-5198 is the first highly potent and selective inhibitor of IDH1 R132H/R132C mutants with IC50 of 0.07 _M/0.16 _M.,C1CCC(CC1)NC(C(N(C(CN2C=CN=C2C)=O)C3=CC(=CC=C3)F)C4=C(C=CC=C4)C)=O,51,http://www.selleckchem.com/products/agi-5198.html,Metabolism,sample
SelleckChem006 1to5,SP0147-A,C16,4EGI-1,S7369,SW220007-1,2,m,16,3,192918778,451.28,315706-13-9,free base,ELF4,4EGI-1 is a competitive eIF4E/eIF4G interaction inhibitor by binding to eIF4E with KD of 25 _M.,C1C(N=C(S1)NN=C(CC2=CC=CC=C2N(O)O)C(=O)O)C3=CC(=C(C=C3)Cl)Cl,199,http://www.selleckchem.com/products/4egi-1.html,Others,sample
SelleckChem006 1to5,SP0147-A,C17,CNX-2006,S7206,SW219476-1,2,m,17,3,192962673,545.53,1375465-09-0,Free Base,EGFR,CNX-2006 is a novel irreversible mutant-selective EGFR inhibitor with IC50 of < 20 nM; with very weak inhibition at wild-type EGFR.,C1(=CN=C(N=C1NC2=CC=CC(=C2)NC(C=C)=O)NC3=C(C=C(C=C3)NC4CN(C4)CCF)OC)C(F)(F)F,100,www.selleckchem.com/products/cnx-2006.html,Protein Tyrosine Kinase,sample
SelleckChem006 1to5,SP0147-A,C18,(-)-p-Bromotetramisole Oxalate,S7383,SW220284-1,2,m,18,3,192932961,373.22,62284-79-1,Free Base,Others,(-)-p-Bromotetramisole Oxalate is a potent and non-specific alkaline phosphatase inhibitor.,,,,,sample
SelleckChem006 1to5,SP0147-A,C19,Alvelestat (AZD9668),S7218,SW219629-1,2,m,19,3,192916954,545.53,848141-11-7,Free Base,Serine Protease,Alvelestat (AZD9668) is an oral; highly selective inhibitor of neutrophil elastase (NE) with IC50 and Ki of 12 nM and 9.4 nM; at least 600-fold more selective over other serine proteases.,,,,,sample
SelleckChem006 1to5,SP0147-A,C20,CGP 57380,S7421,SW219758-1,2,m,20,3,179715430,244.23,522629-08-9,free base,MNK,CGP 57380 is potent MNK1 inhibitor with IC50 of 2.2 _M; exhibiting no inhibitory activity on p38; JNK1; ERK1 and -2; PKC; or c-Src-like kinases.,C1=CC(=CC=C1NC2=C3C(=NC=NC3=NN2)N)F,196,http://www.selleckchem.com/products/cgp57380.html,Others,sample
SelleckChem006 1to5,SP0147-A,C21,Erastin,S7242,SW208651-2,2,m,21,3,192917656,547.04,571203-78-6,free base,Ferroptosis,Erastin is a ferroptosis activator by acting on mitochondrial VDAC; exhibiting selectivity for tumor cells bearing oncogenic RAS.,C1=CC=CC2=C1N=C(C(C)N3CCN(CC3)C(COC4=CC=C(C=C4)Cl)=O)N(C2=O)C5=C(C=CC=C5)OCC,34,http://www.selleckchem.com/products/erastin.html,Metabolism,sample
SelleckChem006 1to5,SP0147-A,C22,NH125,S7436,SW220089-1,2,m,22,3,181361235,524.56,278603-08-0,free base,ELF2,NH125 is a selective eEF-2 kinase inhibitor with IC50 of 60 nM; >125-fold selectivity over PKC; PKA; and CaMKII; and also a potent histidine kinase inhibitor.,CCCCCCCCCCCCCCCCN1C=C[N+](=C1C)CC2=CC=CC=C2.[I-],190,http://www.selleckchem.com/products/nh125.html,Others,sample
SelleckChem006 1to5,SP0147-A,C23,,Bx,Bx-C23,,,,,,,,,,,,,,,vehicle_control
SelleckChem006 1to5,SP0147-A,C24,,Bx,Bx-C24,,,,,,,,,,,,,,,vehicle_control
SelleckChem006 1to5,SP0147-A,D01,,Bx,Bx-D01,,,,,,,,,,,,,,,vehicle_control
SelleckChem006 1to5,SP0147-A,D02,,Bx,Bx-D02,,,,,,,,,,,,,,,vehicle_control
SelleckChem006 1to5,SP0147-A,D03,Triapine,S7470,SW219730-1,2,m,3,4,192930220,195.24,200933-27-3,free base,ribonucleotide reductase,Triapine is a potent ribonucleotide reductase inhibitor with broad spectrum antitumor activity by inhibiting DNA synthesis. Phase 2.,C1=CC(=C(N=C1)C=NNC(=S)N)N,199,http://www.selleckchem.com/products/triapine.html,DNA Damage,sample
SelleckChem006 1to5,SP0147-A,D04,RI-1,S8077,SW219349-1,2,m,4,4,181359598,361.61,415713-60-9,free base,Others,RI-1 is a RAD51 inhibitor with IC50 ranging from 5 to 30 _M.,C1(=CC(=CC=C1Cl)N2C(C(=C(C2=O)Cl)N3CCOCC3)=O)Cl,138,http://www.selleckchem.com/products/ri-1.html,Others,sample
SelleckChem006 1to5,SP0147-A,D05,INH6,S7494,SW219306-1,2,m,5,4,192909643,322.42,1001753-24-7,Free Base,Microtubule Associat,INH6 is a potent Hec1 inhibitor; which specifically disrupts the Hec1/Nek2 interaction and causes chromosome mis-alignment.,,,,,sample
SelleckChem006 1to5,SP0147-A,D06,,Bx,Bx-D06,,,,,,,,,,,,,,,vehicle_control
SelleckChem006 1to5,SP0147-A,D07,Trelagliptin,S7513,SW220106-1,2,m,7,4,192917304,357.38,865759-25-7,free base,DDP-4,Trelagliptin is a highly selective; long-acting DPP-4 inhibitor. Phase 3.,CN1C(=O)C=C(N(C1=O)CC2=C(C=CC(=C2)F)C#N)N3CCCC(C3)N,198,http://www.selleckchem.com/products/trelagliptin.html,Proteases,sample
SelleckChem006 1to5,SP0147-A,D08,,Bx,Bx-D08,,,,,,,,,,,,,,,vehicle_control
SelleckChem006 1to5,SP0147-A,D09,XMD8-92,S7525,SW209502-2,2,m,9,4,179676640,474.55,1234480-50-2,Free Base,ERK,XMD8-92 is a potent and selective BMK1/ERK5 inhibitor with Kd of 80 nM.,,,,,sample
SelleckChem006 1to5,SP0147-A,D10,,Bx,Bx-D10,,,,,,,,,,,,,,,vehicle_control
SelleckChem006 1to5,SP0147-A,D11,IM-12,S7566,SW219497-1,2,m,11,4,192873369,377.41,1129669-05-1,Free Base,GSK-3,IM-12 is a selective GSK-3_ inhibitor with IC50 of 53 nM; and also enhances canonical Wnt signalling. ,,,,,sample
SelleckChem006 1to5,SP0147-A,D12,,Bx,Bx-D12,,,,,,,,,,,,,,,vehicle_control
SelleckChem006 1to5,SP0147-A,D13,Tenovin-1,S8000,SW133688-2,2,m,13,4,192933025,369.48,380315-80-0,free base,p53;E3 Ligase ,Tenovin-1 protects against MDM2-mediated p53 degradation; which involves ubiquitination; and acts through inhibition of protein-deacetylating activities of SirT1 and SirT2.,C1=C(C=CC(=C1)C(NC(NC2=CC=C(C=C2)NC(C)=O)=S)=O)C(C)(C)C,200,http://www.selleckchem.com/products/tenovin-1.html,Apoptosis,sample
SelleckChem006 1to5,SP0147-A,D14,,Bx,Bx-D14,,,,,,,,,,,,,,,vehicle_control
SelleckChem006 1to5,SP0147-A,D15,AG-18,S8009,SW219523-1,2,m,15,4,192898601,186.17,118409-57-7,free base,EGFR,AG-18 inhibits EGFR with IC50 of 35 _M.,C1(C=C(C#N)C#N)=CC(=C(C=C1)O)O,198,http://www.selleckchem.com/products/ag-18-tyrphostin-23.html,Protein Tyrosine Kinase,sample
SelleckChem006 1to5,SP0147-A,D16,,Bx,Bx-D16,,,,,,,,,,,,,,,vehicle_control
SelleckChem006 1to5,SP0147-A,D17,Empagliflozin (BI 10773),S8022,SW219120-1,2,m,17,4,181356065,450.91,864070-44-0,free base,SGLT,Empagliflozin (BI-10773) is a potent and selective SGLT-2 inhibitor with IC50 of 3.1 nM; exhibits >300-fold selectivity over SGLT-1; 4; 5 and 6. Phase 3.,[C@H]1([C@H]([C@@H]([C@H]([C@@H](O1)C2=CC(=C(C=C2)Cl)CC3=CC=C(C=C3)O[C@H]4CCOC4)O)O)O)CO,199,http://www.selleckchem.com/products/empagliflozin-bi10773.html,GPCR & G Protein,sample
SelleckChem006 1to5,SP0147-A,D18,,Bx,Bx-D18,,,,,,,,,,,,,,,vehicle_control
SelleckChem006 1to5,SP0147-A,D19,Apremilast (CC-10004),S8034,SW219856-1,2,m,19,4,179710442,460.5,608141-41-9,free base,PDE,Apremilast (CC-10004) is a potent and orally active PDE4 and TNF-_ inhibitor with IC50 of 74 nM and 77 nM; respectively.,C1=CC2=C(C(N(C2=O)[C@@H](C3=CC(=C(C=C3)OC)OCC)CS(=O)(C)=O)=O)C(=C1)NC(C)=O,199,http://www.selleckchem.com/products/apremilast-cc-10004.html,Metabolism,sample
SelleckChem006 1to5,SP0147-A,D20,,Bx,Bx-D20,,,,,,,,,,,,,,,vehicle_control
SelleckChem006 1to5,SP0147-A,D21,Scriptaid,S8043,SW219824-1,2,m,21,4,192864861,326.35,287383-59-9,free base,HDAC,Scriptaid is an inhibitor of HDAC. It shows a greater effect on acetylated H4 than H3.,C1=CC=C2C3=C1C(N(C(C(=CC=C2)3)=O)CCCCCC(NO)=O)=O,199,https://www.selleckchem.com/products/scriptaid.html,DNA Damage,sample
SelleckChem006 1to5,SP0147-A,D22,,Bx,Bx-D22,,,,,,,,,,,,,,,vehicle_control
SelleckChem006 1to5,SP0147-A,D23,,Bx,Bx-D23,,,,,,,,,,,,,,,vehicle_control
SelleckChem006 1to5,SP0147-A,D24,,Bx,Bx-D24,,,,,,,,,,,,,,,vehicle_control
SelleckChem006 1to5,SP0147-A,E01,,Bx,Bx-E01,,,,,,,,,,,,,,,vehicle_control
SelleckChem006 1to5,SP0147-A,E02,,Bx,Bx-E02,,,,,,,,,,,,,,,vehicle_control
SelleckChem006 1to5,SP0147-A,E03,HSP990 (NVP-HSP990),S7097,SW220175-1,2,m,3,5,192917371,379.39,934343-74-5,Free Base,HSP (e.g. HSP90),NVP-HSP990 (HSP990) is a novel; potent and selective HSP90 inhibitor for HSP90_/_ with IC50 of 0.6 nM/0.8 nM.,N1=C(C=CC=C1C2=C(C=CC(=C2)F)[C@@H]3NC(C4=C(C3)N=C(N=C4C)N)=O)OC,75,www.selleckchem.com/products/hsp990-nvp-hsp990.html,Cytoskeletal Signaling,sample
SelleckChem006 1to5,SP0147-A,E04,SC75741,S7273,SW220215-1,2,m,4,5,192932415,565.67,913822-46-5,Free Base,NF-_B,SC75741 is a potent NF-_B inhibitor with EC50 of 200 nM.,N1=CN=C2C(=C1N3CCC(CC3)C4SC=C(N=4)C(NC5=NC6C(N5)=CC(=CC=6)C(C7=CC=CC=C7)=O)=O)SC=C2,35,www.selleckchem.com/products/sc75741.html,NF-_B,sample
SelleckChem006 1to5,SP0147-A,E05,NLG919,S7111,SW219857-1,2,m,5,5,192916857,282.38,1402836-58-1,free base,IDO,NLG919 is a potent IDO (indoleamine-(2;3)-dioxygenase) pathway inhibitor with Ki/EC50 of 7 nM/75 nM.,C1=CC2=C(C=C1)C(N3C2=CN=C3)CC(C4CCCCC4)O,198,http://www.selleckchem.com/products/nlg919.html,Metabolism,sample
SelleckChem006 1to5,SP0147-A,E06,TAK-632,S7291,SW219895-1,2,m,6,5,192931141,554.52,1228591-30-7,free base,Raf,TAK-632 is a potent pan-Raf inhibitor with IC50 of 8.3 nM and 1.4 nM for B-Raf(wt) and C-Raf; respectively; showing less or no inhibition against other tested kinases.,C12=C(C(=C(C=C1)OC3=CC(=C(C=C3)F)NC(CC4=CC=CC(=C4)C(F)(F)F)=O)C#N)SC(=N2)NC(C5CC5)=O,180,http://www.selleckchem.com/products/tak-632.html,MAPK,sample
SelleckChem006 1to5,SP0147-A,E07,TIC10,S7127,SW219835-1,2,m,7,5,179605559,386.49,41276-02-2,free base,Akt,TIC10 inactivates Akt and ERK to induce TRAIL through Foxo3a; possesses superior drug properties: delivery across the blood-brain barrier; superior stability and improved pharmacokinetics.,C1=CC=CC(=C1)CN2CCC3=C(C2)C(N4C(N3CC5=C(C=CC=C5)C)=NCC4)=O,28,http://www.selleckchem.com/products/tic10.html,PI3K/Akt/mTOR,sample
SelleckChem006 1to5,SP0147-A,E08,CPI-203,S7304,SW219296-1,2,m,8,5,194482399,399.9,1446144-04-2,Free Base,Epigenetic Reader Do,CPI-203 is a potent BET bromodomain inhibitor with IC50 of 37 nM for BRD4.,,,,,sample
SelleckChem006 1to5,SP0147-A,E09,CGK 733,S7136,SW219619-1,2,m,9,5,179605764,555.84,905973-89-9,free base,ATM/ATR,CGK 733 is a potent and selective inhibitor of ATM/ATR with IC50 of ~200 nM.,C1=C(C(=CC(=C1)NC(NC(C(Cl)(Cl)Cl)NC(C(C2=CC=CC=C2)C3=CC=CC=C3)=O)=S)[N+](=O)[O-])F,179,http://www.selleckchem.com/products/cgk-733.html,DNA Damage,sample
SelleckChem006 1to5,SP0147-A,E10,UNC2881,S7325,SW220192-1,2,m,10,5,192918910,463.58,1493764-08-1,Free Base,Others,UNC2881 is a specific Mer tyrosine kinase inhibitor with IC50 of 4.3 nM; about 83- and 58-fold selectivity over Axl and Tyro3; respectively.,N1=C(N=CC(=C1N[C@@H]2CC[C@H](CC2)O)C(NCC3=CC=C(C=C3)N4C=NC=C4)=O)NCCCC,92,www.selleckchem.com/products/unc2881.html,Others,sample
SelleckChem006 1to5,SP0147-A,E11,LDN-212854,S7147,SW220045-1,2,m,11,5,192916969,406.48,1432597-26-6,free base,BMP,LDN-212854 is a potent and selective BMP receptor inhibitor with IC50 of 1.3 nM for ALK2; about 2-; 66-; 1641-; and 7135-fold selectivity over ALK1; ALK3; ALK4; and ALK5; respectively.,C1CN(CCN1)C2=CC=C(C=C2)C3=CN4C(=C(C=N4)C5=C6C=CC=NC6=CC=C5)N=C3,199,http://www.selleckchem.com/products/ldn-212854.html,TGF-beta/Smad,sample
SelleckChem006 1to5,SP0147-A,E12,SH-4-54,S7337,SW220038-1,2,m,12,5,179743303,610.59,1456632-40-8,Free Base,STAT,SH-4-54 is a potent STAT inhibitor with KD of 300 nM and 464 nM for STAT3 and STAT5; respectively.,,,,,sample
SelleckChem006 1to5,SP0147-A,E13,Mdivi-1,S7162,SW220178-1,2,m,13,5,192916546,353.22,338967-87-6,free base,Dynamin,Mdivi-1 is a selective cell-permeable inhibitor of mitochondrial division DRP1 (dynamin-related GTPase) and mitochondrial division Dynamin I (Dnm1) with IC50 of 1-10 _M. ,N1=C(N(C(C2C=CC=CC1=2)=O)C3C(=CC(=C(C=3)OC)Cl)Cl)S,201,http://www.selleckchem.com/products/mdivi-1.html,Cytoskeletal Signaling,sample
SelleckChem006 1to5,SP0147-A,E14,PF-562271 HCl,S7357,SW219484-3,2,m,14,5,192918844,543.95,939791-41-0,hydrochloride,FAK,PF-562271 HCl is the hydrochloride salt of PF-562271; which is a potent; ATP-competitive; reversible inhibitor of FAK with IC50 of 1.5 nM; ~10-fold less potent for Pyk2 than FAK and >100-fold selectivity against other protein kinases; except for some CDKs. Phase 1.,Cl.CN(C1=C(CNC2=C(C=NC(=N2)NC3=CC=C4NC(=O)CC4=C3)C(F)(F)F)C=CC=N1)[S](C)(=O)=O,183.84,http://www.selleckchem.com/products/pf-562271-hcl.html,Angiogenesis,sample
SelleckChem006 1to5,SP0147-A,E15,I-BET-762,S7189,SW220225-1,2,m,15,5,179605744,423.9,1260907-17-2,free base,Epigenetic Reader Domain,I-BET-762 is an inhibitor for BET proteins with IC50 of ~35 nM; suppresses the production of proinflammatory proteins by macrophages and blocks acute inflammation; highly selective over other bromodomain-containing proteins.,N12C([C@@H](N=C(C3C1=CC=C(C=3)OC)C4C=CC(=CC=4)Cl)CC(NCC)=O)=NN=C2C,200,http://www.selleckchem.com/products/i-bet-762.html,Epigenetics,sample
SelleckChem006 1to5,SP0147-A,E16,4E1RCat,S7370,SW219777-1,2,m,16,5,192918761,478.45,328998-25-0,free base,ELF4,4E1RCat is a dual inhibitor of eIF4E:eIF4G and eIF4E:4E-BP1 interaction; and inhibits the binding of eIF4G to eIF4E with IC50 of 3.2 _M.,C1=CC=C(C=C1)C2=CC(=CC3=CC=C(O3)C4=CC=C(C=C4)[N+](=O)[O-])C(=O)N2C5=CC=C(C=C5)C(=O)O,200,http://www.selleckchem.com/products/4e1rcat.html,Others,sample
SelleckChem006 1to5,SP0147-A,E17,Ro 31-8220 Mesylate,S7207,SW219301-1,2,m,17,5,192892142,553.65,138489-18-6,mesylate,PKC,Ro 31-8220 is a pan-PKC inhibitor with IC50 of 5 nM; 24 nM; 14 nM; 27 nM; and 24 nM for PKC-_; PKC-_I; PKC-_II; PKC-_; and PKC-_; respectively; and also shows potent inhibition against MAPKAP-K1b; MSK1; GSK3_ and S6K1.,C1(=C2C(=CC=C1)C(=CN2CCCSC(=N)N)C3C(=O)NC(C(C4=CN(C5=CC=CC=C54)C)=3)=O).CS(=O)(=O)O,180,http://www.selleckchem.com/products/ro-31-8220-mesylate.html,TGF-beta/Smad,sample
SelleckChem006 1to5,SP0147-A,E18,Z-FA-FMK,S7391,SW219108-1,2,m,18,5,192932714,386.42,197855-65-5,Free Base,Cysteine Protease,Z-FA-FMK is an irreversible cysteine protease inhibitor; and also inhibits effector caspases.,[C@H](CC1=CC=CC=C1)(C(NC(C(CF)=O)C)=O)NC(OCC2C=CC=CC=2)=O,77,www.selleckchem.com/products/z-fa-fmk.html,Proteases,sample
SelleckChem006 1to5,SP0147-A,E19,RepSox,S7223,SW212662-2,2,m,19,5,192916907,287.32,446859-33-2,free base,TGF-beta/Smad,RepSox is a potent and selective inhibitor of the TGF_R-1/ALK5 with IC50 of 23 nM and 4 nM for ATP binding to ALK5 and ALK5 autophosphorylation; respectively.,N1C(=CC=C2N=CC=CC=12)C3C(=NNC=3)C4C=CC=C(N=4)C,198,http://www.selleckchem.com/products/repsox.html,TGF-beta/Smad,sample
SelleckChem006 1to5,SP0147-A,E20,KN-62,S7422,SW219945-1,2,m,20,5,192944633,721.84,127191-97-3,Free Base,Others,KN-62 is a potent and specific inhibitor of Ca2+/calmodulin-dependent protein kinase II (CaMKII) with Ki of 0.9 _M.,C12C(S(N([C@H](C(N3CCN(CC3)C4=CC=CC=C4)=O)CC5=CC=C(C=C5)OS(C6=C7C(=CC=C6)C=NC=C7)(=O)=O)C)(=O)=O)=CC=CC=1C=NC=C2,100,www.selleckchem.com/products/kn-62.html,Others,sample
SelleckChem006 1to5,SP0147-A,E21,Ferrostatin-1 (Fer-1),S7243,SW219400-1,2,m,21,5,192916822,262.35,347174-05-4,free base,Ferroptosis,Ferrostatin-1 (Fer-1) is a potent and selective inhibitor of ferroptosis with EC50 of 60 nM.,C1(=CC=C(C=C1N)C(OCC)=O)NC2CCCCC2,198,http://www.selleckchem.com/products/ferrostatin-1-fer-1.html,Metabolism,sample
SelleckChem006 1to5,SP0147-A,E22,Sal003,S7437,SW219776-1,2,m,22,5,192917293,463.21,1164470-53-4,free base,ELF2,Sal003 is a potent and cell-permeable eIF-2_ phosphatase inhibitor.,C1=CC=C(C=C1)C=CC(=O)NC(C(Cl)(Cl)Cl)NC(=S)NC2=CC=C(C=C2)Cl,200,http://www.selleckchem.com/products/sal003.html,Others,sample
SelleckChem006 1to5,SP0147-A,E23,,Bx,Bx-E23,,,,,,,,,,,,,,,vehicle_control
SelleckChem006 1to5,SP0147-A,E24,,Bx,Bx-E24,,,,,,,,,,,,,,,vehicle_control
SelleckChem006 1to5,SP0147-A,F01,,Bx,Bx-F01,,,,,,,,,,,,,,,vehicle_control
SelleckChem006 1to5,SP0147-A,F02,,Bx,Bx-F02,,,,,,,,,,,,,,,vehicle_control
SelleckChem006 1to5,SP0147-A,F03,Nexturastat A,S7473,SW220090-1,2,m,3,6,194474354,341.4,1403783-31-2,free base,HDAC,Nexturastat A is a potent and selective HDAC6 inhibitor with IC50 of 5 nM; >190-fold selectivity over other HDACs. ,CCCCN(CC1=CC=C(C=C1)C(=O)NO)C(=O)NC2=CC=CC=C2,199,http://www.selleckchem.com/products/nexturastat-a.html,Epigenetics,sample
SelleckChem006 1to5,SP0147-A,F04,Bardoxolone Methyl,S8078,SW220004-1,2,m,4,6,192944932,505.69,218600-53-4,free base,I_B/IKK,Bardoxolone Methyl is an IKK inhibitor; showing potent proapoptotic and anti-inflammatory activities. Phase 3.,C1C(CC[C@@]2(CC[C@]3([C@@]4(CC[C@]5(C(C(C(=C[C@]5(C4=CC([C@]3([C@]2(1)[H])[H])=O)C)C#N)=O)(C)C)[H])C)C)C(=O)OC)(C)C,41,http://www.selleckchem.com/products/bardoxolone-methyl.html,NF-_B,sample
SelleckChem006 1to5,SP0147-A,F05,CK-636,S7497,SW220078-1,2,m,5,6,192930155,284.38,442632-72-6,free base,Arp2/3,CK-636 is an Arp2/3 complex inhibitor with IC50 of 4 _M; 24 _M and 32 _M for inhibition of actin polymerization induced by human; fission yeast and bovine Arp2/3 complex; respectively.,CC1=C(C2=CC=CC=C2N1)CCNC(=O)C3=CC=CS3,200,http://www.selleckchem.com/products/ck-636.html,Cytoskeletal Signaling,sample
SelleckChem006 1to5,SP0147-A,F06,,Bx,Bx-F06,,,,,,,,,,,,,,,vehicle_control
SelleckChem006 1to5,SP0147-A,F07,VGX-1027,S7515,SW220009-1,2,m,7,6,192917213,205.21,6501-72-0,free base,Others,VGX-1027 is an orally active immunomodulator. Phase 1.,C1C(ON=C1C2=CC=CC=C2)CC(=O)O,199,http://www.selleckchem.com/products/vgx-1027.html,Others,sample
SelleckChem006 1to5,SP0147-A,F08,,Bx,Bx-F08,,,,,,,,,,,,,,,vehicle_control
SelleckChem006 1to5,SP0147-A,F09,GNF-5,S7526,SW219191-1,2,m,9,6,192962100,418.37,778277-15-9,Free Base,Bcr-Abl,GNF-5 is a selective and allosteric Bcr-Abl inhibitor with IC50 of 220 nM. ,C(C1C=C(C=CC=1)C2N=CN=C(C=2)NC3C=CC(=CC=3)OC(F)(F)F)(=O)NCCO,83,www.selleckchem.com/products/gnf-5.html,Angiogenesis,sample
SelleckChem006 1to5,SP0147-A,F10,,Bx,Bx-F10,,,,,,,,,,,,,,,vehicle_control
SelleckChem006 1to5,SP0147-A,F11,INCB024360,S7587,SW219363-1,2,m,11,6,192933039,271.64,914471-09-3,Free Base,IDO,INCB024360 is a potent; competitive IDO1 (indoleamine-(2;3)-dioxygenase) inhibitor with IC50 of 67 nM. Phase 2.,,,,,sample
SelleckChem006 1to5,SP0147-A,F12,,Bx,Bx-F12,,,,,,,,,,,,,,,vehicle_control
SelleckChem006 1to5,SP0147-A,F13,Rocilinostat (ACY-1215),S8001,SW219836-1,2,m,13,6,192891675,433.5,1316214-52-4,free base,HDAC,Rocilinostat (ACY-1215) is a selective HDAC6 inhibitor with IC50 of 5 nM. It is >10-fold more selective for HDAC6 than HDAC1/2/3 (class I HDACs) with slight activity against HDAC8; minimal activity against HDAC4/5/7/9/11; Sirtuin1; and Sirtuin2.,C1=CC=CC(=C1)N(C2=CC=CC=C2)C3=NC=C(C=N3)C(=O)NCCCCCCC(NO)=O,200,http://www.selleckchem.com/products/rocilinostat-acy-1215.html,Epigenetics,sample
SelleckChem006 1to5,SP0147-A,F14,,Bx,Bx-F14,,,,,,,,,,,,,,,vehicle_control
SelleckChem006 1to5,SP0147-A,F15,PRX-08066 Maleic acid,S8010,SW219157-1,2,m,15,6,192931336,517.96,866206-55-5,maleate,5-HT Receptor,PRX-08066 is a selective 5-HT2B receptor antagonist with IC50 of 3.4 nM; prevents the severity of pulmonary arterial hypertension in the MCT rat model. Phase 2.,C(/C=C\C(=O)O)(=O)O.C(C1C(=CC=C(C=1)CN2CCC(CC2)NC3C4=C(N=CN=3)SC(=C4)Cl)F)#N,200,http://www.selleckchem.com/products/prx-08066.html,Neuronal Signaling,sample
SelleckChem006 1to5,SP0147-A,F16,,Bx,Bx-F16,,,,,,,,,,,,,,,vehicle_control
SelleckChem006 1to5,SP0147-A,F17,TCS 359,S8023,SW007400-2,2,m,17,6,192898078,360.43,301305-73-7,free base,FLT3,TCS 359 is a potent FLT3 inhibitor with IC50 of 42 nM.,C12=C(C(=C(S1)NC(C3C=C(C(=CC=3)OC)OC)=O)C(=O)N)CCCC2,41,http://www.selleckchem.com/products/tcs-359.html,Angiogenesis,sample
SelleckChem006 1to5,SP0147-A,F18,,Bx,Bx-F18,,,,,,,,,,,,,,,vehicle_control
SelleckChem006 1to5,SP0147-A,F19,VU 0364439,S8035,SW219845-1,2,m,19,6,181356027,422.29,1246086-78-1,free base,GluR,VU 0364439 is a mGlu4 positive allosteric modulator (PAM); with EC50 of 19.8 nM.,C1=CC=CC(=N1)C(NC2=CC(=C(C=C2)S(=O)(=O)NC3=C(C=CC=C3)Cl)Cl)=O,201,https://www.selleckchem.com/products/vu-0364439.html,Neuronal Signaling,sample
SelleckChem006 1to5,SP0147-A,F20,,Bx,Bx-F20,,,,,,,,,,,,,,,vehicle_control
SelleckChem006 1to5,SP0147-A,F21,BMS-345541,S8044,SW219432-1,2,m,21,6,192961214,255.32,445430-58-0,free base,I_B/IKK,BMS-345541 is a highly selective inhibitor of the catalytic subunits of IKK-2 and IKK-1 with IC50 of 0.3 _M and 4 _M; respectively.,C1(=CC=C2C(=C1)N3C(C(=N2)NCCN)=NC=C3C)C,35,http://www.selleckchem.com/products/bms-345541.html,NF-_B,sample
SelleckChem006 1to5,SP0147-A,F22,,Bx,Bx-F22,,,,,,,,,,,,,,,vehicle_control
SelleckChem006 1to5,SP0147-A,F23,,Bx,Bx-F23,,,,,,,,,,,,,,,vehicle_control
SelleckChem006 1to5,SP0147-A,F24,,Bx,Bx-F24,,,,,,,,,,,,,,,vehicle_control
SelleckChem006 1to5,SP0147-A,G01,,Bx,Bx-G01,,,,,,,,,,,,,,,vehicle_control
SelleckChem006 1to5,SP0147-A,G02,,Bx,Bx-G02,,,,,,,,,,,,,,,vehicle_control
SelleckChem006 1to5,SP0147-A,G03,PD123319,S7098,SW220127-1,2,m,3,7,181342754,508.61,130663-39-7,free base,RAAS,PD 123319 is a potent; selective AT2 angiotensin II receptor antagonist with IC50 of 34 nM.,N1([C@@H](CC2=C(C1)N=CN2CC3=CC(=C(C=C3)N(C)C)C)C(O)=O)C(=O)C(C4=CC=CC=C4)C5=CC=CC=C5,196,http://www.selleckchem.com/products/pd123319.html,Endocrinology & Hormones,sample
SelleckChem006 1to5,SP0147-A,G04,SGI-1027,S7276,SW220204-1,2,m,4,7,179606911,461.52,1020149-73-8,free base,DNA Methyltransferase,SGI-1027 is a DNMT inhibitor with IC50 of 6; 8; 7.5 _M for DNMT1; DNMT3A; and DNMT3B,N1=CC=C(C2=C1C=CC=C2)NC3=CC=C(C=C3)C(NC4=CC=C(C=C4)NC5=NC(=NC(=C5)C)N)=O,199,http://www.selleckchem.com/products/sgi-1027.html,Epigenetics,sample
SelleckChem006 1to5,SP0147-A,G05,Zebularine,S7113,SW219092-1,2,m,5,7,192863928,228.2,3690-10-06,free base,DNA Methyltransferase,Zebularine is a DNA methylation inhibitor that forms a covalent complex with DNA methyltransferases; also inhibits cytidinedeaminase with Ki of 2 _M.,[C@@H]1(O[C@H]([C@H]([C@H]1O)O)N2C(N=CC=C2)=O)CO,201.58,https://www.selleckchem.com/products/zebularine.html,Epigenetics,sample
SelleckChem006 1to5,SP0147-A,G06,RG2833 (RGFP109),S7292,SW219374-1,2,m,6,7,179607234,339.43,1215493-56-3,free base,HDAC,RG2833 (RGFP109) is a brain-penetrant HDAC inhibitor with IC50 of 60 nM and 50 nM for HDAC1 and HDAC3; respectively.,C1(=CC=C(C=C1)C(=O)NCCCCCC(NC2=CC=CC=C2N)=O)C,200,http://www.selleckchem.com/products/rg2833-rgfp109.html,Epigenetics,sample
SelleckChem006 1to5,SP0147-A,G07,EPZ-6438,S7128,SW220030-1,2,m,7,7,192962256,572.74,1403254-99-8,free base,Histone Methyltransferase,EPZ-6438 is a potent; and selective EZH2 inhibitor with Ki and IC50 of 2.5 nM and 11 nM; exhibiting a 35-fold selectivity versus EZH1 and >4;500-fold selectivity relative to 14 other HMTs.,C1CC(CCO1)N(CC)C2=C(C(=CC(=C2)C3=CC=C(C=C3)CN4CCOCC4)C(NCC5C(NC(=CC=5C)C)=O)=O)C,50,http://www.selleckchem.com/products/epz-6438.html,Epigenetics,sample
SelleckChem006 1to5,SP0147-A,G08,GSK2606414,S7307,SW219646-1,2,m,8,7,179617843,451.44,1337531-36-8,Free Base,PERK,GSK2606414 is an orally available; potent; and selective PERK inhibitor with IC50 of 0.4 nM; displaying at least 100-fold selectivity over the other EIF2AKs assayed.,C1=C(C=C2C(=C1)N(CC2)C(=O)CC3=CC=CC(=C3)C(F)(F)F)C4C5=C(N(C=4)C)N=CN=C5N,90,www.selleckchem.com/products/gsk2606414.html,Apoptosis,sample
SelleckChem006 1to5,SP0147-A,G09,BMS-833923,S7138,SW219814-1,2,m,9,7,179710049,473.57,1059734-66-5,free base,Hedgehog/Smoothened,BMS-833923 is an orally bioavailable Smoothened antagonist. Phase 2.,C1=CC=C2C(=C1)N=C(N=C2C3=CC=CC=C3)NC4=CC=C(C=C4)C(NC5=C(C=CC(=C5)CNC)C)=O,200,http://www.selleckchem.com/products/bms-833923.html,GPCR & G Protein,sample
SelleckChem006 1to5,SP0147-A,G10,Tasisulam,S7326,SW219181-1,2,m,10,7,192916826,415.11,519055-62-0,free base,Caspase,Tasisulam is an antitumor agent and an apoptosis inducer via the intrinsic pathway. Phase 3,C(C1=C(C=C(C=C1)Cl)Cl)(=O)NS(=O)(C2SC(=CC=2)Br)=O,199,http://www.selleckchem.com/products/tasisulam.html,Apoptosis,sample
SelleckChem006 1to5,SP0147-A,G11,ML347,S7148,SW220112-1,2,m,11,7,192930223,352.39,1062368-49-3,free base,BMP,ML347 is a selective BMP receptor inhibitor with IC50 of 32 nM for ALK2; >300-fold selectivity over ALK3. Also inhibits ALK1 activity with IC50 of 46 nM.,COC1=CC=C(C=C1)C2=CN3C(=C(C=N3)C4=C5C=CC=NC5=CC=C4)N=C2,28,http://www.selleckchem.com/products/ml347.html,TGF-beta/Smad,sample
SelleckChem006 1to5,SP0147-A,G12,AZ191,S7338,SW219875-1,2,m,12,7,192918398,429.52,1594092-37-1,free base,Others,AZ191 is a potent and selective DYRK1B inhibitor with IC50 of 17 nM; about 5- and 110-fold selectivity over DYRK1A and DYRK2; respectively.,C1=NC=C2C(=C1)C(=CN2C)C3=NC(=NC=C3)NC4=CC=C(C=C4OC)N5CCN(CC5)C,200.22,http://www.selleckchem.com/products/az191.html,Others,sample
SelleckChem006 1to5,SP0147-A,G13,UNC1999,S7165,SW219705-1,2,m,13,7,192916587,569.74,1431612-23-5,free base,Histone Methyltransferase,UNC1999 is a potent; orally bioavailable and selective inhibitor of EZH2 and EZH1 with IC50 of 2 nM and 45 nM; respectively; showing >1000-fold selectivity over a broad range of epigenetic and non-epigenetic targets.,C1=C(N=CC(=C1)C2=CC3=C(C(=C2)C(=O)NCC4=C(C=C(NC4=O)C)CCC)C=NN3C(C)C)N5CCN(CC5)C(C)C,175,http://www.selleckchem.com/products/unc1999.html,Epigenetics,sample
SelleckChem006 1to5,SP0147-A,G14,K02288,S7359,SW220200-1,2,m,14,7,179709506,352.38,1431985-92-0,free base,TGF-beta/Smad,K02288 is a potent; and selective type I BMP receptor inhibitor with IC50 of 1.1; 1.8; 6.4 nM for ALK2; ALK1 and ALK6; showing weaker inhibition on other ALKs (3; 4; 5) and ActRIIA.,N1=CC(=CC(=C1N)C2=CC(=C(C(=C2)OC)OC)OC)C3=CC=CC(=C3)O,198,http://www.selleckchem.com/products/k02288.html,TGF-beta/Smad,sample
SelleckChem006 1to5,SP0147-A,G15,PF-04620110,S7192,SW220213-1,2,m,15,7,192916561,396.44,1109276-89-2,Free Base,Transferase,PF-04620110 is an orally active; selective and potent diglyceride acyltransferase-1 (DGAT1) inhibitor with IC50 of 19 nM.,N1=CN=C2C(=C1N)C(N(CCO2)C3=CC=C(C=C3)[C@@H]4CC[C@H](CC4)CC(O)=O)=O,49,www.selleckchem.com/products/pf-04620110.html,Metabolism,sample
SelleckChem006 1to5,SP0147-A,G16,PTC-209,S7372,SW219305-2,2,m,16,7,192916919,495.19,315704-66-6,free base,BMI,PTC-209 is a potent and selective BMI-1 inhibitor with IC50 of 0.5 _M; and results in irreversible reduction of cancer-initiating cells (CICs).,CC1=C(N2C=CC=NC2=N1)C3=CSC(=N3)NC4=C(C=C(C=C4Br)OC)Br,199,http://www.selleckchem.com/products/ptc-209.html,Others,sample
SelleckChem006 1to5,SP0147-A,G17,GF109203X,S7208,SW219715-1,2,m,17,7,194482445,412.48,133052-90-1,Free Base,PKC,GF109203X is a potent PKC inhibitor with IC50 of 20 nM; 17 nM; 16 nM; and 20 nM for PKC_; PKC_I; PKC_II; and PKC_; respectively; showing more than 3000-fold selectivity for PKC as compared to EGFR; PDGFR and insulin receptor. ,C1=C2C(=CC=C1)C(=CN2CCCN(C)C)C3C(=O)NC(C(C4=CNC5=CC=CC=C54)=3)=O,82,www.selleckchem.com/products/gf109203x.html,TGF-beta/Smad,sample
SelleckChem006 1to5,SP0147-A,G18,Loxistatin Acid (E-64C),S7392,SW220063-1,2,m,18,7,192933029,314.38,76684-89-4,free base,Cysteine protease,Loxistatin Acid (E-64C); a derivative of E-64; is an irreversible and membrane-permeant cysteine protease inhibitor.,CC(C)CCNC(=O)C(CC(C)C)NC(=O)C1C(O1)C(=O)O,197,http://www.selleckchem.com/products/loxistatin-acid-e-64c.html,Proteases,sample
SelleckChem006 1to5,SP0147-A,G19,Deltarasin,S7224,SW219816-1,2,m,19,7,192917354,603.75,1440898-61-2,Free Base,PDE,Deltarasin is a small molecular inhibitor of KRAS-PDE_ interaction with Kd of 38 nM for binding to purified PDE_.,,,,,sample
SelleckChem006 1to5,SP0147-A,G20,KN-93 Phosphate,S7423,SW219563-1,2,m,20,7,194487389,599.03,1188890-41-6,Free Base,Others,KN-93 Phosphate is a potent and specific inhibitor of Ca2+/calmodulin-dependent protein kinase II (CaMKII) with Ki of 0.37 _M; no remarkable inhibitory effects on APK; PKC; MLCK or Ca2+-PDE activities.,C1(N(S(C2=CC=C(C=C2)OC)(=O)=O)CCO)(C(CN(C/C=C/C3=CC=C(C=C3)Cl)C)=CC=CC=1).P(=O)(=O)OO.[HH],100,www.selleckchem.com/products/kn-93-phosphate.html,Others,sample
SelleckChem006 1to5,SP0147-A,G21,Ro3280,S7248,SW219316-1,2,m,21,7,194483549,543.61,1062243-51-9,Free Base,PLK,RO3280 is a potent; highly selective inhibitor of  Polo-like kinase 1 (PLK1) with IC50 of 3_nM.,C1(=CC(=C(C=C1)NC2=NC3=C(C=N2)N(C(C(CN3C4CCCC4)(F)F)=O)C)OC)C(NC5CCN(CC5)C)=O,100,www.selleckchem.com/products/ro3280.html,Cell Cycle,sample
SelleckChem006 1to5,SP0147-A,G22,ME0328,S7438,SW220067-1,2,m,22,7,192961494,321.37,1445251-22-8,free base,PARP,ME0328 is a potent and selective PARP inhibitor with IC50 of 0.89 _M for PARP3; about 7-fold selectivity over PARP1.,CC(C1=CC=CC=C1)NC(=O)CCC2=NC(=O)C3=CC=CC=C3N2,10,http://www.selleckchem.com/products/me0328.html,Epigenetics,sample
SelleckChem006 1to5,SP0147-A,G23,,Bx,Bx-G23,,,,,,,,,,,,,,,vehicle_control
SelleckChem006 1to5,SP0147-A,G24,,Bx,Bx-G24,,,,,,,,,,,,,,,vehicle_control
SelleckChem006 1to5,SP0147-A,H01,,Bx,Bx-H01,,,,,,,,,,,,,,,vehicle_control
SelleckChem006 1to5,SP0147-A,H02,,Bx,Bx-H02,,,,,,,,,,,,,,,vehicle_control
SelleckChem006 1to5,SP0147-A,H03,EHT 1864,S7482,SW220265-1,2,m,3,8,192962892,581.47,754240-09-0,Salt,Rho,EHT 1864 is a potent Rac family GTPase inhibitor with Kd of 40 nM; 50 nM; 60 nM and 250 nM for Rac1; Rac1b; Rac2 and Rac3; respectively.,,,,,sample
SelleckChem006 1to5,SP0147-A,H04,,Bx,Bx-H04,,,,,,,,,,,,,,,vehicle_control
SelleckChem006 1to5,SP0147-A,H05,ESI-09,S7499,SW219697-1,2,m,5,8,192931374,330.77,263707-16-0,Free Base,Others,ESI-09 is a specific exchange protein directly activated by cAMP (EPAC) inhibitor with IC50 of 3.2 _M and 1.4 _M for EPAC1 and EPAC2; respectively; >100-fold selectivity over PKA.  ,,,,,sample
SelleckChem006 1to5,SP0147-A,H06,,Bx,Bx-H06,,,,,,,,,,,,,,,vehicle_control
SelleckChem006 1to5,SP0147-A,H07,Y-320,S7516,SW220077-1,2,m,7,8,192917192,505.01,288250-47-5,free base,Others,Y-320 is an orally active immunomodulator; and inhibits IL-17 production by CD4 T cells stimulated with IL-15 with IC50 of 20 to 60 nM.,CC1=C(C=NN1C2=CC=C(C=C2)Cl)C(=O)NC3=CC(=C(C=C3)N4CCC(CC4)N5CCOCC5)C#N,21,http://www.selleckchem.com/products/y-320.html,Others,sample
SelleckChem006 1to5,SP0147-A,H08,,Bx,Bx-H08,,,,,,,,,,,,,,,vehicle_control
SelleckChem006 1to5,SP0147-A,H09,GNE-7915,S7528,SW219477-1,2,m,9,8,192962098,443.4,1351761-44-8,Free Base,LRRK2,GNE-7915 is a highly potent; selective; and brain-penetrable leucine-rich repeat kinase 2 (LRRK2) inhibitor;  with IC50 and Ki of 9 nM and 1 nM; respectively. ,,,,,sample
SelleckChem006 1to5,SP0147-A,H10,,Bx,Bx-H10,,,,,,,,,,,,,,,vehicle_control
SelleckChem006 1to5,SP0147-A,H11,N6022,S7589,SW219745-1,2,m,11,8,192932955,414.46,1208315-24-5,Free Base,Others,N6022 is a selective; and reversible inhibitor of S-nitrosoglutathione reductase (GSNOR) with IC50 of 8 nM and Ki of 2.5 nM. Phase 1/2.,,,,,sample
SelleckChem006 1to5,SP0147-A,H12,,Bx,Bx-H12,,,,,,,,,,,,,,,vehicle_control
SelleckChem006 1to5,SP0147-A,H13,GSK2636771,S8002,SW219650-1,2,m,13,8,194472671,433.42,1372540-25-4,free base,PI3K,GSK2636771 is a potent; orally bioavailable; PI3K_-selective inhibitor; sensitive to PTEN null cell lines. Phase 1/2a.,C1=C(C=C2C(=C1C(=O)O)N=C(N2CC3=CC=CC(=C3C)C(F)(F)F)C)N4CCOCC4,64,http://www.selleckchem.com/products/gsk2636771.html,PI3K/Akt/mTOR,sample
SelleckChem006 1to5,SP0147-A,H14,,Bx,Bx-H14,,,,,,,,,,,,,,,vehicle_control
SelleckChem006 1to5,SP0147-A,H15,GW9508,S8014,SW219168-1,2,m,15,8,192899500,347.41,885101-89-3,free base,GPR,GW9508 is a potent and selective agonist for FFA1 (GPR40) with pEC50 of 7.32; 100-fold selective against GPR120; stimulates insulin secretion in a glucose-sensitive manner.,C(=O)(CCC1=CC=C(NCC2C=C(OC3=CC=CC=C3)C=CC=2)C=C1)O,198,http://www.selleckchem.com/products/gw9508.html,Endocrinology & Hormones,sample
SelleckChem006 1to5,SP0147-A,H16,,Bx,Bx-H16,,,,,,,,,,,,,,,vehicle_control
SelleckChem006 1to5,SP0147-A,H17,Tyrphostin AG 1296,S8024,SW220231-1,2,m,17,8,192899509,266.29,146535-11-7,free base,FGFR;c-Kit;PDGFR,Tyrphostin AG 1296 is an inhibitor of PDGFR with IC50 of 0.3-0.5 _M; no activity to EGFR.,N1C(=CN=C2C=C(C(=CC=12)OC)OC)C3C=CC=CC=3,22,http://www.selleckchem.com/products/tyrphostin-ag-1296-ag-1296.html,Protein Tyrosine Kinase,sample
SelleckChem006 1to5,SP0147-A,H18,,Bx,Bx-H18,,,,,,,,,,,,,,,vehicle_control
SelleckChem006 1to5,SP0147-A,H19,Butein,S8036,SW219249-1,2,m,19,8,192900349,272.25,487-52-5,free base,EGFR,Butein; a plant polyphenol isolated from <i>Rhus verniciflua</i>; is able to inhibit the activation of protein tyrosine kinase; NF-_B and STAT3; also inhibits EGFR,C1(=C(C=C(C=C1)O)O)C(/C=C/C2=CC(=C(C=C2)O)O)=O,10,https://www.selleckchem.com/products/butein.html,Protein Tyrosine Kinase,sample
SelleckChem006 1to5,SP0147-A,H20,,Bx,Bx-H20,,,,,,,,,,,,,,,vehicle_control
SelleckChem006 1to5,SP0147-A,H21,Dynasore,S8047,SW218449-2,2,m,21,8,181356117,322.31,304448-55-3,free base,Dynamin,Dynasore is a cell-permeable; reversible non-competitive dynamin inhibitor of GTPase activity of dynamin 1/2; with IC50 of 15 _M; also inhibits the mitochondrial dynamin Drp1; with no effect against other small GTPase.,C1(=C(C=C(C=C1)/C=N/NC(=O)C2=C(C=C3C(=C2)C=CC=C3)O)O)O,198,http://www.selleckchem.com/products/dynasore.html,Others,sample
SelleckChem006 1to5,SP0147-A,H22,,Bx,Bx-H22,,,,,,,,,,,,,,,vehicle_control
SelleckChem006 1to5,SP0147-A,H23,,Bx,Bx-H23,,,,,,,,,,,,,,,vehicle_control
SelleckChem006 1to5,SP0147-A,H24,,Bx,Bx-H24,,,,,,,,,,,,,,,vehicle_control
SelleckChem006 1to5,SP0147-A,I01,,Bx,Bx-I01,,,,,,,,,,,,,,,vehicle_control
SelleckChem006 1to5,SP0147-A,I02,,Bx,Bx-I02,,,,,,,,,,,,,,,vehicle_control
SelleckChem006 1to5,SP0147-A,I03,(-)-Blebbistatin,S7099,SW219535-1,2,m,3,9,179632584,292.33,856925-71-8,free base,ATPase,(-)-Blebbistatin is a cell-permeable inhibitor for non muscle myosin II ATPase with IC50 of 2 _M; does not inhibit myosin light chain kinase; inhibits contraction of the cleavage furrow without disrupting mitosis or contractile ring assembly.,C1(C=CC=CC=1)N2C3[C@](C(C4C(=CC=C(C=4)C)N=3)=O)(CC2)O,198,https://www.selleckchem.com/products/blebbistatin.html,Transmembrane Transporters,sample
SelleckChem006 1to5,SP0147-A,I04,Suvorexant (MK-4305),S7279,SW219649-1,2,m,4,9,192962789,450.92,1030377-33-3,free base,OX Receptor,Suvorexant (MK-4305) is a potent dual OX receptor antagonist with Ki of 0.55 nM and 0.35 nM for OX1 receptor and OX2 receptor; respectively. Phase 3.,C1=C(C=C2C(=C1)OC(=N2)N3CC[C@H](N(CC3)C(C4=CC(=CC=C4N5N=CC=N5)C)=O)C)Cl,22,http://www.selleckchem.com/products/suvorexant-mk.html,GPCR & G Protein,sample
SelleckChem006 1to5,SP0147-A,I05,NU6027,S7114,SW220039-1,2,m,5,9,179607418,251.28,220036-08-8,free base,CDK,NU6027 is a potent ATR/CDK inhibitor; inhibits CDK1/2; ATR and DNA-PK with Ki of 2.5 _M/1.3 _M; 0.4 _M and 2.2 _M; enter cells more readily than the 6-aminopurine-based inhibitors.,C1CCCC(C1)COC2=NC(=NC(=C2N=O)N)N,198,http://www.selleckchem.com/products/nu6027.html,Cell Cycle,sample
SelleckChem006 1to5,SP0147-A,I06,ZCL278,S7293,SW219702-1,2,m,6,9,194482417,584.89,587841-73-4,free base,Rac,ZCL278 is a selective Cdc42 GTPase inhibitor with Kd of 11.4 _M.,C1=C(N=C(N=C1C)NS(C2=CC=C(C=C2)NC(NC(COC3=C(C=C(C=C3)Br)Cl)=O)=S)(=O)=O)C,170,http://www.selleckchem.com/products/zcl278.html,Cell Cycle,sample
SelleckChem006 1to5,SP0147-A,I07,PYR-41,S7129,SW220249-1,2,m,7,9,192916645,371.3,418805-02-4,free base,E1 Activating,PYR-41 is the first cell-permeable inhibitor of ubiquitin-activating enzyme E1; with no activity at E2.,N1N(C(/C(C1=O)=C\C2OC(=CC=2)[N+](=O)[O-])=O)C3=CC=C(C=C3)C(=O)OCC,199,http://www.selleckchem.com/products/pyr-41.html,Ubiquitin,sample
SelleckChem006 1to5,SP0147-A,I08,SF1670,S7310,SW219904-1,2,m,8,9,192918431,307.34,345630-40-2,Free Base,Others,SF1670 is a highly potent and specific PTEN inhibitor with IC50 of 2 _M. ,,,,,sample
SelleckChem006 1to5,SP0147-A,I09,CFTRinh-172,S7139,SW219660-1,2,m,9,9,192916736,409.4,307510-92-5,free base,CFTR,CFTRinh-172 is a voltage-independent; selective CFTR inhibitor with Ki of 300 nM; showing no effects on MDR1; ATP-sensitive K+ channels; or a series of other transporters.,C1=C(C=CC(=C1)/C=C2\C(N(C(S2)=S)C3=CC=CC(=C3)C(F)(F)F)=O)C(O)=O,200,http://www.selleckchem.com/products/cftrinh-172.html,Transmembrane Transporters,sample
SelleckChem006 1to5,SP0147-A,I10,ID-8,S7327,SW220135-1,2,m,10,9,179713966,298.29,147591-46-6,free base,Others,ID-8 is a DYRK inhibitor; and sustains embryonic stem cell self-renewal in long-term culture.,N1(C(=C(C2C=CC(=CC1=2)O)[N+](=O)[O-])C)C3C=CC(=CC=3)OC,201,http://www.selleckchem.com/products/id-8.html,Others,sample
SelleckChem006 1to5,SP0147-A,I11,NSC 319726,S7149,SW219844-1,2,m,11,9,179712204,234.32,71555-25-4,free base,p53,NSC319726 is a p53(R175) mutant reactivator; exhibits growth inhibition in cells expressing mutant p53; with IC50 of 8 nM for p53(R175) mutant; shows no inhibition for p53 wild-type cells.,C1=CC=CC(=N1)/C(=N/NC(N2CCC2)=S)C,81,http://www.selleckchem.com/products/nsc319726.html,Apoptosis,sample
SelleckChem006 1to5,SP0147-A,I12,CH5138303,S7340,SW219719-1,2,m,12,9,192918760,415.9,959763-06-5,Free Base,HSP (e.g. HSP90),CH5138303 is an orally available Hsp90 inhibitor with Kd of 0.48 nM.,,,,,sample
SelleckChem006 1to5,SP0147-A,I13,SSR128129E,S7167,SW219860-1,2,m,13,9,192962269,346.31,848318-25-2,free base,FGFR,SSR128129E is an orally-active and allosteric FGFR1 inhibitor with IC50 of 1.9 _M; while not affecting other related RTKs.,C1=CC2N(C(=C(C=2OC)C)C(=O)C3=CC=C(C(=C3)C(O[Na])=O)N)C=C1,199,http://www.selleckchem.com/products/ssr128129e.html,Angiogenesis,sample
SelleckChem006 1to5,SP0147-A,I14,OTX015,S7360,SW220079-1,2,m,14,9,194487383,491.99,202590-98-5,free base,BET,OTX015 is a potent BET bromodomain inhibitor with EC50 ranging from 10 to 19 nM for BRD2; BRD3; and BRD4. Phase 1.,CC1=C(SC2=C1C(=NC(C3=NN=C(N32)C)CC(=O)NC4=CC=C(C=C4)O)C5=CC=C(C=C5)Cl)C,199,http://www.selleckchem.com/products/otx015.html,Epigenetics,sample
SelleckChem006 1to5,SP0147-A,I15,1-Azakenpaullone,S7193,SW220021-1,2,m,15,9,192917868,328.16,676596-65-9,free base,GSK-3,1-Azakenpaullone is a potent and selective GSK-3_ inhibitor with IC50 of 18 nM; >100-fold selectivity over CDK1/cyclin B and CDK5/p25.,C1C2=C(C3=C(C=CC=N3)NC1=O)NC4=C2C=C(C=C4)Br,201,http://www.selleckchem.com/products/1-azakenpaullone.html,PI3K/Akt/mTOR,sample
SelleckChem006 1to5,SP0147-A,I16,UNC669,S7373,SW220043-1,2,m,16,9,192944073,338.24,1314241-44-5,free base,MBT,UNC669 is a potent and selective MBT (malignant brain tumor) inhibitor with IC50 of 6 _M for L3MBTL1; 5- and 11-fold selective over L3MBTL3 and L3MBTL4.,C1CCN(C1)C2CCN(CC2)C(=O)C3=CC(=CN=C3)Br,32,http://www.selleckchem.com/products/unc669.html,Epigenetics,sample
SelleckChem006 1to5,SP0147-A,I17,GSK650394,S7209,SW219479-1,2,m,17,9,179616368,382.45,890842-28-1,Free Base,Others,GSK650394 is a serum- and glucocorticoid-regulated kinase-1 inhibitor with IC50 of 62 nM and 103 nM for SGK1 and SGK2; respectively,C1(=CN=C2C(=C1)C(=CN2)C3=CC(=C(C=C3)C(=O)O)C4CCCC4)C5=CC=CC=C5,76,www.selleckchem.com/products/gsk650394.html,Others,sample
SelleckChem006 1to5,SP0147-A,I18,Aloxistatin,S7393,SW220094-1,2,m,18,9,179715572,342.43,88321-09-9,free base,Cysteine protease,Aloxistatin is an irreversible and membrane-permeable cysteine protease inhibitor.,CCOC(=O)C1C(O1)C(=O)NC(CC(C)C)C(=O)NCCC(C)C,198,http://www.selleckchem.com/products/Aloxistatin.html,Proteases,sample
SelleckChem006 1to5,SP0147-A,I19,RGFP966,S7229,SW219401-1,2,m,19,9,192892191,362.4,1396841-57-8,free base,HDAC,RGFP966 is an HDAC3 inhibitor with IC50 of 0.08 _M; exhibits > 200-fold selectivity over other HDAC.,C1(=CC=C(C=C1N)F)NC(/C=C/C2C=NN(C=2)C/C=C/C3=CC=CC=C3)=O,198,http://www.selleckchem.com/products/rgfp966.html,Epigenetics,sample
SelleckChem006 1to5,SP0147-A,I20,PD 151746,S7424,SW219648-1,2,m,20,9,192932732,237.25,179461-52-0,Free Base,Cysteine Protease,PD 151746 is a selective; cell-permeable calpain inhibitor with Ki of 0.26 _M for _-Calpain; about 20-fold selectivity over m-calpain.,,,,,sample
SelleckChem006 1to5,SP0147-A,I21,KPT-276,S7251,SW219338-1,2,m,21,9,192916502,426.26,1421919-75-6,free base,CRM1,KPT-276 is an orally bioavailable selective CRM1 inhibitor.,C1(=CC(=CC(=C1)C2N=CN(N=2)/C=C\C(N3CC(C3)(F)F)=O)C(F)(F)F)C(F)(F)F,46,http://www.selleckchem.com/products/kpt-276.html,Transmembrane Transporters,sample
SelleckChem006 1to5,SP0147-A,I22,LEE011,S7440,SW220101-1,2,m,22,9,192917329,434.54,1211441-98-3,free base,CDK,LEE011 is an orally available; and highly specific CDK4/6 inhibitor.,CN(C)C(=O)C1=CC2=CN=C(N=C2N1C3CCCC3)NC4=NC=C(C=C4)N5CCNCC5,16,http://www.selleckchem.com/products/lee011.html,Cell Cycle,sample
SelleckChem006 1to5,SP0147-A,I23,,Bx,Bx-I23,,,,,,,,,,,,,,,vehicle_control
SelleckChem006 1to5,SP0147-A,I24,,Bx,Bx-I24,,,,,,,,,,,,,,,vehicle_control
SelleckChem006 1to5,SP0147-A,J01,,Bx,Bx-J01,,,,,,,,,,,,,,,vehicle_control
SelleckChem006 1to5,SP0147-A,J02,,Bx,Bx-J02,,,,,,,,,,,,,,,vehicle_control
SelleckChem006 1to5,SP0147-A,J03,FH535,S7484,SW219729-1,2,m,3,10,179655512,361.2,108409-83-2,Free Base,Wnt/beta-catenin,FH535 is a Wnt/_-catenin signaling inhibitor and also a dual PPAR_ and PPAR_ antagonist.,,,,,sample
SelleckChem006 1to5,SP0147-A,J04,,Bx,Bx-J04,,,,,,,,,,,,,,,vehicle_control
SelleckChem006 1to5,SP0147-A,J05,HJC0350,S7500,SW219611-1,2,m,5,10,192931372,277.38,885434-70-8,Free Base,Others,HJC0350 is a potent and selective EPAC2 inhibitor with IC50 of 0.3 _M; exhibiting no inhibition on Epac1.,,,,,sample
SelleckChem006 1to5,SP0147-A,J06,,Bx,Bx-J06,,,,,,,,,,,,,,,vehicle_control
SelleckChem006 1to5,SP0147-A,J07,AZD7545,S7517,SW220060-1,2,m,7,10,192917230,478.87,252017-04-2,free base,PDHK,AZD7545 is a potent PDHK inhibitor with IC50 of 36.8 nM and 6.4 nM for PDHK1 and PDHK2; respectively.,CC(C(=O)NC1=C(C=C(C=C1)S(=O)(=O)C2=CC=C(C=C2)C(=O)N(C)C)Cl)(C(F)(F)F)O,198,http://www.selleckchem.com/products/azd7545.html,Others,sample
SelleckChem006 1to5,SP0147-A,J08,,Bx,Bx-J08,,,,,,,,,,,,,,,vehicle_control
SelleckChem006 1to5,SP0147-A,J09,ML323,S7529,SW219291-1,2,m,9,10,192885117,384.48,1572414-83-5,Free Base,DUB,ML323 is a highly potent and selective USP1-UAF1 inhibitor with IC50 of 76 nM.,,,,,sample
SelleckChem006 1to5,SP0147-A,J10,,Bx,Bx-J10,,,,,,,,,,,,,,,vehicle_control
SelleckChem006 1to5,SP0147-A,J11,Santacruzamate A (CAY10683),S7595,SW219695-1,2,m,11,10,192885226,278.35,1477949-42-0,Free Base,HDAC,Santacruzamate A (CAY10683) is a potent and selective HDAC inhibitor with IC50 of 119 pM for HDAC2; >3600-fold selectivity over other HDACs. ,,,,,sample
SelleckChem006 1to5,SP0147-A,J12,,Bx,Bx-J12,,,,,,,,,,,,,,,vehicle_control
SelleckChem006 1to5,SP0147-A,J13,PQ 401,S8003,SW220120-1,2,m,13,10,192899519,341.79,196868-63-0,free base,IGF-1R,PQ401 inhibits autophosphorylation of IGF-1R domain with IC50 of <1 _M.,N(C(=O)NC1C=C(N=C2C=CC=CC=12)C)C3=C(C=CC(=C3)Cl)OC,93,http://www.selleckchem.com/products/pq-401.html,Protein Tyrosine Kinase,sample
SelleckChem006 1to5,SP0147-A,J14,,Bx,Bx-J14,,,,,,,,,,,,,,,vehicle_control
SelleckChem006 1to5,SP0147-A,J15,CEP-32496,S8015,SW220118-1,2,m,15,10,179676421,517.46,1188910-76-0,free base,CSF-1R;Raf,CEP-32496 is a highly potent inhibitor of BRAF(V600E/WT) and c-Raf with Kd of 14 nM/36 nM and 39 nM; also potent to Abl-1; c-Kit; Ret; PDGFR_ and VEGFR2; respectively; insignificant affinity for MEK-1; MEK-2; ERK-1 and ERK-2. Phase 1/2.,N(C(=O)NC1=NOC(=C1)C(C(F)(F)F)(C)C)C2C=C(C=CC=2)OC3N=CN=C4C=C(C(=CC=34)OC)OC,17,http://www.selleckchem.com/products/cep-32496.html,MAPK,sample
SelleckChem006 1to5,SP0147-A,J16,,Bx,Bx-J16,,,,,,,,,,,,,,,vehicle_control
SelleckChem006 1to5,SP0147-A,J17,GSK3787,S8025,SW219870-1,2,m,17,10,179695568,392.78,188591-46-0,free base,PPAR,GSK3787 is as a selective and irreversible antagonist of PPAR_ with pIC50 of 6.6; with no measurable affinity for hPPAR_ or hPPAR_.,C1=NC(=CC=C1C(F)(F)F)S(=O)(CCNC(C2=CC=C(C=C2)Cl)=O)=O,201,https://www.selleckchem.com/products/gsk3787.html,Metabolism,sample
SelleckChem006 1to5,SP0147-A,J18,,Bx,Bx-J18,,,,,,,,,,,,,,,vehicle_control
SelleckChem006 1to5,SP0147-A,J19,Necrostatin-1,S8037,SW219795-1,2,m,19,10,181356024,259.33,4311-88-0,free base,TNF-alpha,Necrostatin-1 is a specific RIP1 inhibitor and inhibits TNF-_-induced necroptosis with EC50 of 490 nM.,C1=CC=C2C(=C1)C(=CN2)CC3NC(N(C3=O)C)=S,200,http://www.selleckchem.com/products/necrostatin-1.html,Apoptosis,sample
SelleckChem006 1to5,SP0147-A,J20,,Bx,Bx-J20,,,,,,,,,,,,,,,vehicle_control
SelleckChem006 1to5,SP0147-A,J21,ABT-199 (GDC-0199),S8048,SW219672-1,2,m,21,10,181356101,868.44,1257044-40-8,free base,Bcl-2,ABT-199 (GDC-0199) is a Bcl-2-selective inhibitor with Ki of <0.01 nM; >4800-fold more selective versus Bcl-xL and Bcl-w; and no activity to Mcl-1. Phase 2.,C1=C(C=CC(=C1)C2CC(CCC=2CN3CCN(CC3)C4=CC(=C(C=C4)C(=O)NS(C5=CC=C(C(=C5)[N+](=O)[O-])NCC6CCOCC6)(=O)=O)OC7=CN=C8C(=C7)C=CN8)(C)C)Cl,115,http://www.selleckchem.com/products/abt-199.html,Apoptosis,sample
SelleckChem006 1to5,SP0147-A,J22,,Bx,Bx-J22,,,,,,,,,,,,,,,vehicle_control
SelleckChem006 1to5,SP0147-A,J23,,Bx,Bx-J23,,,,,,,,,,,,,,,vehicle_control
SelleckChem006 1to5,SP0147-A,J24,,Bx,Bx-J24,,,,,,,,,,,,,,,vehicle_control
SelleckChem006 1to5,SP0147-A,K01,,Bx,Bx-K01,,,,,,,,,,,,,,,vehicle_control
SelleckChem006 1to5,SP0147-A,K02,,Bx,Bx-K02,,,,,,,,,,,,,,,vehicle_control
SelleckChem006 1to5,SP0147-A,K03,VE-822,S7102,SW220202-1,2,m,3,11,179607405,463.55,1232416-25-9,free base,ATM/ATR,VE-822 is an ATR inhibitor with IC50 of 19 nM.,N1=CC(=NC(=C1N)C2=CC(=NO2)C3=CC=C(C=C3)CNC)C4=CC=C(C=C4)S(=O)(=O)C(C)C,77,http://www.selleckchem.com/products/ve-822.html,PI3K/Akt/mTOR,sample
SelleckChem006 1to5,SP0147-A,K04,Edoxaban,S7280,SW219211-1,2,m,4,11,192932396,548.06,480449-70-5,free base,Factor Xa,Edoxaban is a selective factor Xa inhibitor with Ki of 0.561 nM; >10 000-fold selectivity over thrombin and FIXa; and is also an orally bioavailable anticoagulant drug.,C(N[C@@H]1[C@H](C[C@@H](CC1)C(N(C)C)=O)NC(C2=NC3=C(S2)CN(CC3)C)=O)(C(NC4=CC=C(C=N4)Cl)=O)=O,182,http://www.selleckchem.com/products/edoxaban.html,Metabolism,sample
SelleckChem006 1to5,SP0147-A,K05,AMG-517,S7115,SW219382-1,2,m,5,11,192916668,430.4,659730-32-2,free base,TRPV,AMG 517 is a potent and selective TRPV1 antagonist; antagonizes capsaicin; proton; and heat activation of TRPV1 with IC50 of 0.76 nM; 0.62 nM and 1.3 nM.,C1(=CC=C(C=C1)C2=NC=NC(=C2)OC3=CC=CC4=C3N=C(S4)NC(C)=O)C(F)(F)F,199,https://www.selleckchem.com/products/amg-517.html,Others,sample
SelleckChem006 1to5,SP0147-A,K06,RVX-208,S7295,SW219327-1,2,m,6,11,192956650,370.4,1044870-39-4,free base,Epigenetic Reader Domain,RVX-208 is a potent BET bromodomain inhibitor with IC50 of 0.510 _M for BD2; about 170-fold selectivity over BD1. Phase 2.,C1(=CC(=C2C(=C1)N=C(NC2=O)C3=CC(=C(C(=C3)C)OCCO)C)OC)OC,199,http://www.selleckchem.com/products/rvx-208.html,Epigenetics,sample
SelleckChem006 1to5,SP0147-A,K07,PR-619,S7130,SW208365-2,2,m,7,11,179712285,223.28,2645-32-1,free base,DUB,PR-619 is a non-selective; reversible inhibitor of the deubiquitinylating enzymes (DUBs) with EC50 of 1-20 _M.,C1(=C(N=C(C(=C1)SC#N)N)N)SC#N,201,http://www.selleckchem.com/products/pr-619.html,Ubiquitin,sample
SelleckChem006 1to5,SP0147-A,K08,STF-118804,S7316,SW219872-1,2,m,8,11,179714299,461.53,894187-61-2,free base,Others,STF-118804 is a highly specific NAMPT inhibitor.,C1=NC=C(C=C1)CNC(C2=CC=C(C=C2)C3OC(=C(N=3)CS(C4=CC=C(C=C4)C)(=O)=O)C)=O,132,http://www.selleckchem.com/products/stf-118804.html,Others,sample
SelleckChem006 1to5,SP0147-A,K09,TCID,S7140,SW219230-1,2,m,9,11,179709303,283.92,30675-13-9,free base,DUB,TCID is a DUB inhibitor for ubiquitin C-terminal hydrolase L3 with IC50 of 0.6 _M; 125-fold selective to L1.,C1(=C(C(=C2C(=C1Cl)C(CC2=O)=O)Cl)Cl)Cl,81,http://www.selleckchem.com/products/tcid.html,Ubiquitin,sample
SelleckChem006 1to5,SP0147-A,K10,IOWH032,S7329,SW219782-1,2,m,10,11,179714460,545.18,1191252-49-9,free base,CFTR,IOWH032 is a synthetic CFTR inhibitor with IC50 of 1.01 _M in CHO-CFTR cell based assays. Phase 1/2.,C1=CC=C(C=C1)OC2=CC=C(C=C2)CNC(C3ON=C(N=3)C4=CC(=C(C(=C4)Br)O)Br)=O,183,http://www.selleckchem.com/products/iowh032.html,Transmembrane Transporters,sample
SelleckChem006 1to5,SP0147-A,K11,C646,S7152,SW220074-1,2,m,11,11,192962431,445.42,328968-36-1,free base,Histone Acetyltransferase,C646 is an inhibitor for histone acetyltransferase; and inhibits p300 with a Ki of 400 nM.  Preferentially selective for p300 versus other acetyltransferases.,CC1=C(C=C(C(=C1)C2=CC=C(O2)C=C3C(=NN(C3=O)C4=CC=C(C=C4)C(=O)O)C)[N+](=O)[O-])C,29,http://www.selleckchem.com/products/c646.html,Epigenetics,sample
SelleckChem006 1to5,SP0147-A,K12,JSH-23,S7351,SW218183-2,2,m,12,11,179713921,240.34,749886-87-1,free base,NF-_B,JSH-23 is an inhibitor of NF-_B transcriptional activity with IC50 of 7.1 _M.,C1(C(=CC(=CC=1)C)N)NCCCC2C=CC=CC=2,199,http://www.selleckchem.com/products/jsh-23.html,NF-_B,sample
SelleckChem006 1to5,SP0147-A,K13,ONX-0914 (PR-957),S7172,SW220115-1,2,m,13,11,192930200,580.67,960374-59-8,free base,Proteasome,ONX-0914 (PR-957) is a potent and selective immunoproteasome inhibitor with minimal cross-reactivity for the constitutive proteasome.,N([C@H](C(N[C@H](C(N[C@H](C([C@]1(OC1)C)=O)CC2=CC=CC=C2)=O)CC3=CC=C(C=C3)OC)=O)C)C(CN4CCOCC4)=O,172,http://www.selleckchem.com/products/onx-0914-pr-957.html,Proteases,sample
SelleckChem006 1to5,SP0147-A,K14,Atglistatin,S7364,SW220102-1,2,m,14,11,192918742,283.37,1469924-27-3,free base,ATGL,Atglistatin is a highly potent; and selective inhibitor of adipose triglyceride lipase (ATGL) with IC50 of 0.7 _M; high selectivity over other key metabolic lipases.,CN(C)C1=CC=C(C=C1)C2=CC(=CC=C2)NC(=O)N(C)C,201,http://www.selleckchem.com/products/atglistatin.html,Others,sample
SelleckChem006 1to5,SP0147-A,K15,GZD824,S7194,SW219345-1,2,m,15,11,179605941,724.77,1421783-64-3,mesylate,Bcr-Abl,GZD824 is a novel orally bioavailable Bcr-Abl inhibitor for Bcr-Abl(WT) and Bcr-Abl(T315I) with IC50 of 0.34 nM and 0.68 nM; respectively. ,C1(=CC(=CC(=C1C)C#CC2=CC3=C(N=C2)NN=C3)C(NC4=CC(=C(C=C4)CN5CCN(CC5)C)C(F)(F)F)=O).CS(=O)(=O)O.CS(=O)(=O)O,137,http://www.selleckchem.com/products/gzd824.html,Angiogenesis,sample
SelleckChem006 1to5,SP0147-A,K16,AEBSF HCl,S7378,SW219355-1,2,m,16,11,192916843,239.69,30827-99-7,Salt,Serine Protease,AEBSF HCl is a broad spectrum; irreversible serine protease inhibitor.,,,,,sample
SelleckChem006 1to5,SP0147-A,K17,Thiamet G,S7213,SW219118-1,2,m,17,11,192916906,248.3,1009816-48-1,free base,Others,Thiamet G is a potent; selective O-GlcNAcase inhibitor with Kiof 21 nM; while exhibiting 37;000-fold selectivity over human lysosomal _hexosaminidase.,[C@H]1([C@H]([C@@H]([C@@]2([C@](O1)(SC(=N2)NCC)[H])[H])O)O)CO,201,http://www.selleckchem.com/products/thiamet-g.html,Others,sample
SelleckChem006 1to5,SP0147-A,K18,Sorafenib,S7397,SW202562-4,2,m,18,11,192944131,464.82,284461-73-0,free base,Raf,Sorafenib is a multikinase inhibitor of Raf-1; B-Raf and VEGFR-2 with IC50 of 6 nM; 22 nM and 90 nM; respectively.,C1(C(F)(F)F)C(=CC=C(NC(NC2C=CC(OC3C=C(C(=O)NC)N=CC=3)=CC=2)=O)C=1)Cl,200,http://www.selleckchem.com/products/sorafenib.html,MAPK,sample
SelleckChem006 1to5,SP0147-A,K19,Bromosporine,S7233,SW219727-1,2,m,19,11,194475476,404.44,1619994-69-2,free base,Epigenetic Reader Domain,Bromosporine is a broad spectrum inhibitor for bromodomains with IC50 of 0.41 _M; 0.29 _M; 0.122 _M and 0.017 _M for BRD2; BRD4; BRD9 and CECR2; respectively.,C1=CC(=C(C=C1C2=NN3C(C(=C2)NC(=O)OCC)=NN=C3C)NS(C)(=O)=O)C,200.28,http://www.selleckchem.com/products/bromosporine.html,Epigenetics,sample
SelleckChem006 1to5,SP0147-A,K20,MI-2 (MALT1 inhibitor),S7429,SW220184-1,2,m,20,11,192932555,455.72,1047953-91-2,Free Base,Others,MI-2 (MALT1 inhibitor) is an irreversible MALT1 inhibitor with IC50 of 5.84 _M.,,,,,sample
SelleckChem006 1to5,SP0147-A,K21,KPT-330,S7252,SW219336-1,2,m,21,11,192932358,443.31,1393477-72-9,free base,CRM1,KPT-330 is an orally bioavailable selective CRM1 inhibitor.,C1(=CC(=CC(=C1)C2N=CN(N=2)/C=C\C(=O)NNC3=CN=CC=N3)C(F)(F)F)C(F)(F)F,200,http://www.selleckchem.com/products/kpt-330.html,Transmembrane Transporters,sample
SelleckChem006 1to5,SP0147-A,K22,ZLN005,S7447,SW219815-1,2,m,22,11,192917584,250.34,49671-76-3,free base,Others,ZLN005 is a potent and tissue-specific PGC-1_ transcriptional activator.,C1=CC=C2C(=C1)N=C(N2)C3=CC=C(C=C3)C(C)(C)C,147,http://www.selleckchem.com/products/ZLN005.html,Others,sample
SelleckChem006 1to5,SP0147-A,K23,,Bx,Bx-K23,,,,,,,,,,,,,,,vehicle_control
SelleckChem006 1to5,SP0147-A,K24,,Bx,Bx-K24,,,,,,,,,,,,,,,vehicle_control
SelleckChem006 1to5,SP0147-A,L01,,Bx,Bx-L01,,,,,,,,,,,,,,,vehicle_control
SelleckChem006 1to5,SP0147-A,L02,,Bx,Bx-L02,,,,,,,,,,,,,,,vehicle_control
SelleckChem006 1to5,SP0147-A,L03,MPI-0479605,S7488,SW220076-1,2,m,3,12,179695253,407.51,1246529-32-7,free base,Kinesin,MPI-0479605 is an ATP competitive and selective inhibitor of mitotic kinase Mps1 with IC50 of 1.8 nM; >40-fold selectivity over other kinases.,CC1=C(C=CC(=C1)N2CCOCC2)NC3=NC4=C(C(=N3)NC5CCCCC5)NC=N4,152,http://www.selleckchem.com/products/mpi-0479605.html,Cytoskeletal Signaling,sample
SelleckChem006 1to5,SP0147-A,L04,,Bx,Bx-L04,,,,,,,,,,,,,,,vehicle_control
SelleckChem006 1to5,SP0147-A,L05,HO-3867,S7501,SW219220-1,2,m,5,12,179619977,464.55,1172133-28-6,Free Base,STAT,HO-3867; an analog of curcumin; is a selective STAT3 inhibitor.,,,,,sample
SelleckChem006 1to5,SP0147-A,L06,,Bx,Bx-L06,,,,,,,,,,,,,,,vehicle_control
SelleckChem006 1to5,SP0147-A,L07,Voreloxin (SNS-595),S7518,SW219924-1,2,m,7,12,192913132,401.44,175414-77-4,Free Base,Topoisomerase,Voreloxin is a potent Topoisomerase II inhibitor with broad-spectrum anti-tumor activity. Phase 2.,C12=C(C=CC(=N1)N3C[C@@H]([C@H](C3)OC)NC)C(C(=CN2C4SC=CN=4)C(=O)O)=O,20,www.selleckchem.com/products/voreloxin-sns-595.html,DNA Damage,sample
SelleckChem006 1to5,SP0147-A,L08,,Bx,Bx-L08,,,,,,,,,,,,,,,vehicle_control
SelleckChem006 1to5,SP0147-A,L09,BAPTA-AM,S7534,SW219561-1,2,m,9,12,192932678,764.68,126150-97-8,Free Base,Others,BAPTA-AM is a selective; membrane-permeable calcium chelator.,C1(N(CC(OCOC(C)=O)=O)CC(OCOC(C)=O)=O)=C(C=CC=C1)OCCOC2=C(N(CC(OCOC(C)=O)=O)CC(OCOC(C)=O)=O)C=CC=C2,20,www.selleckchem.com/products/bapta-am.html,Others,sample
SelleckChem006 1to5,SP0147-A,L10,,Bx,Bx-L10,,,,,,,,,,,,,,,vehicle_control
SelleckChem006 1to5,SP0147-A,L11,BV-6,S7597,SW220104-1,2,m,11,12,192885063,1205.57,1001600-56-1,Free Base,IAP,BV-6 is a SMAC mimetic; dual cIAP and XIAP inhibitor. ,,,,,sample
SelleckChem006 1to5,SP0147-A,L12,,Bx,Bx-L12,,,,,,,,,,,,,,,vehicle_control
SelleckChem006 1to5,SP0147-A,L13,ZM 39923 HCl,S8004,SW219203-1,2,m,13,12,192899718,367.91,1021868-92-7,hydrochloride,JAK,ZM 39923 is an JAK1/3 inhibitor with pIC50 of 4.4/7.1; almost no activity to JAK2 and modestly potent to EGFR; also found to be sensitive to transglutaminase.,C(CCN(C(C)C)CC1C=CC=CC=1)(=O)C2(C=C3C=CC=CC(=CC=2)3).Cl,81,http://www.selleckchem.com/products/zm-39923-hcl.html,JAK/STAT,sample
SelleckChem006 1to5,SP0147-A,L14,,Bx,Bx-L14,,,,,,,,,,,,,,,vehicle_control
SelleckChem006 1to5,SP0147-A,L15,TAK-438,S8016,SW220126-1,2,m,15,12,192931314,461.46,1260141-27-2,fumarate,Potassium Channel,TAK-438 is a novel P-CAB (potassium-competitive acid blocker) that reversibly inhibits H+/K+; ATPase with IC50 of 19 nM (pH 6.5); controls gastric acid secretion. Phase 3.,N(CC1=CN(C(=C1)C2C(=CC=CC=2)F)S(=O)(=O)C3C=NC=CC=3)C.C(/C=C/C(=O)O)(=O)O,134,http://www.selleckchem.com/products/tak-438.html,Transmembrane Transporters,sample
SelleckChem006 1to5,SP0147-A,L16,,Bx,Bx-L16,,,,,,,,,,,,,,,vehicle_control
SelleckChem006 1to5,SP0147-A,L17,Tariquidar,S8028,SW219804-1,2,m,17,12,192931324,646.73,206873-63-4,free base,P-gp,Tariquidar (XR9576) is a potent and selective noncompetitive inhibitor of P-glycoprotein with Kd of 5.1 nM; reverses drug resistance in MDR cell Lines. Phase 3.,C1=CC=C2C(=C1)C=C(C=N2)C(NC3=C(C=C(C(=C3)OC)OC)C(NC4=CC=C(C=C4)CCN5CC6=C(CC5)C=C(C(=C6)OC)OC)=O)=O,199,http://www.selleckchem.com/products/tariquidar.html,Transmembrane Transporters,sample
SelleckChem006 1to5,SP0147-A,L18,,Bx,Bx-L18,,,,,,,,,,,,,,,vehicle_control
SelleckChem006 1to5,SP0147-A,L19,UPF 1069,S8038,SW219733-1,2,m,19,12,179619778,279.29,1048371-03-4,free base,PARP,UPF 1069 is a selective PARP2 inhibitor with IC50 of 0.3 _M. It is ~27-fold selective against PARP1.,C1=CC(=C2C(=C1)C(NC=C2)=O)OCC(C3=CC=CC=C3)=O,200,http://www.selleckchem.com/products/upf-1069.html,DNA Damage,sample
SelleckChem006 1to5,SP0147-A,L20,,Bx,Bx-L20,,,,,,,,,,,,,,,vehicle_control
SelleckChem006 1to5,SP0147-A,L21,Tubastatin A,S8049,SW219287-2,2,m,21,12,192900374,335.4,1252003-15-8,free base,HDAC,Tubastatin A is a potent and selective HDAC6 inhibitor with IC50 of 15 nM. It is selective against all the other isozymes (1000-fold) except HDAC8 (57-fold).,C1=C(C=CC(=C1)CN2C3=C(C4=C2C=CC=C4)CN(CC3)C)C(NO)=O,10,http://www.selleckchem.com/products/tubastatin-a.html,Epigenetics,sample
SelleckChem006 1to5,SP0147-A,L22,,Bx,Bx-L22,,,,,,,,,,,,,,,vehicle_control
SelleckChem006 1to5,SP0147-A,L23,,Bx,Bx-L23,,,,,,,,,,,,,,,vehicle_control
SelleckChem006 1to5,SP0147-A,L24,,Bx,Bx-L24,,,,,,,,,,,,,,,vehicle_control
SelleckChem006 1to5,SP0147-A,M01,,Bx,Bx-M01,,,,,,,,,,,,,,,vehicle_control
SelleckChem006 1to5,SP0147-A,M02,,Bx,Bx-M02,,,,,,,,,,,,,,,vehicle_control
SelleckChem006 1to5,SP0147-A,M03,AZD1208,S7104,SW219766-1,2,m,3,13,192864171,379.48,1204144-28-4,Free Base,Pim,AZD1208 is a potent; and orally available Pim kinase inhibitor with IC50 of 0.4 nM; 5 nM; and 1.9 nM for Pim1; Pim2; and Pim3; respectively. Phase 1. ,,,,,sample
SelleckChem006 1to5,SP0147-A,M04,NMS-E973,S7282,SW220107-1,2,m,4,13,179713799,454.43,1253584-84-7,free base,HSP90,NMS-E973 is a potent and selective Hsp90 inhibitor with DC50 of <10 nM for Hsp90 binding; no activiy against a panel of 52 diverse protein kinases.,CN1CCC(CC1)NC(=O)C2=CC(=C3C(=CC(=O)C=C3OC4=CC=C(C=C4)[N+](=O)[O-])O)ON2,198,http://www.selleckchem.com/products/nms-e973.html,Cytoskeletal Signaling,sample
SelleckChem006 1to5,SP0147-A,M05,3-Deazaneplanocin A (DZNeP),S7120,SW219868-1,2,m,5,13,179605811,262.26,102052-95-9,free base,Histone Methyltransferase,3-deazaneplanocin A (DZNeP); an analog of adenosine; is a competitive inhibitor of S-adenosylhomocysteine hydrolase with Ki of 50 pM.,C1=NC(=C2C(=C1)N(C=N2)[C@@H]3C=C([C@H]([C@@H]3O)O)CO)N,198,https://www.selleckchem.com/products/3-deazaneplanocin-a-dznep.html,Epigenetics,sample
SelleckChem006 1to5,SP0147-A,M06,AZD9291,S7297,SW219863-1,2,m,6,13,179614888,499.61,1421373-65-0,Free Base,EGFR,AZD9291 is an oral; irreversible; and mutant-selective EGFR inhibitor with IC50 of 12.92; 11.44 and 493.8 nM for Exon 19 deletion EGFR; L858R/T790M EGFR; and WT EGFR; respectively. Phase 3.,C1=CN=C(N=C1C2=CN(C3=C2C=CC=C3)C)NC4=C(C=C(C(=C4)NC(C=C)=O)N(CCN(C)C)C)OC,99,www.selleckchem.com/products/azd9291.html,Protein Tyrosine Kinase,sample
SelleckChem006 1to5,SP0147-A,M07,P5091 (P005091),S7132,SW219710-1,2,m,7,13,181342719,348.22,882257-11-6,free base,DUB,P5091(P005091) is a selective and potent inhibitor of ubiquitin-specific protease 7 (USP7) with EC50 of 4.2 _M and the closely related USP47.,C1=C(SC(=C1[N+](=O)[O-])SC2=CC=CC(=C2Cl)Cl)C(=O)C,80,http://www.selleckchem.com/products/p5091-p005091.html,Ubiquitin,sample
SelleckChem006 1to5,SP0147-A,M08,WZ4003,S7317,SW220181-1,2,m,8,13,192900343,496.99,1214265-58-3,free base,AMPK,WZ4003 is a highly specific NUAK kinase inhibitor with IC50 of 20 nM and 100 nM for NUAK1 and NUAK2; respectively; without significant inhibition on 139 other kinases.,N1=C(N=C(C(=C1)Cl)OC2=CC(=CC=C2)NC(CC)=O)NC3=C(C=C(C=C3)N4CCN(CC4)C)OC,14,http://www.selleckchem.com/products/wz4003.html,PI3K/Akt/mTOR,sample
SelleckChem006 1to5,SP0147-A,M09,NSC697923,S7142,SW220082-1,2,m,9,13,181344285,267.26,343351-67-7,free base,E2,NSC697923 is a cell-permeable and selective inhibitor of the Ub-conjugating enzyme (E2) complex Ubc13-Uev1A.,CC1=CC=C(C=C1)S(=O)(=O)C2=CC=C(O2)[N+](=O)[O-],198,http://www.selleckchem.com/products/nsc697923.html,Ubiquitin,sample
SelleckChem006 1to5,SP0147-A,M10,6H05,S7330,SW219399-1,2,m,10,13,194487702,590.14,2061344-88-3,Free Base,Rho,6H05 is a selective; and allosteric inhibitor of oncogenic K-Ras(G12C). ,,,,,sample
SelleckChem006 1to5,SP0147-A,M11,10058-F4,S7153,SW219661-1,2,m,11,13,179605570,249.35,403811-55-2,free base,c-Myc,10058-F4 is a c-Myc inhibitor that specificallly inhibits the c-Myc-Max interaction and prevents transactivation of c-Myc target gene expression.,C1=C(C=CC(=C1)/C=C2\C(NC(S2)=S)=O)CC,200,https://www.selleckchem.com/products/10058-f4.html,Cell Cycle,sample
SelleckChem006 1to5,SP0147-A,M12,Bay 11-7085,S7352,SW220312-1,2,m,12,13,192918858,249.33,196309-76-9,,NF-kappa B,BAY 11-7085 is an irreversible inhibitor of TNF_-induced I_B_ phosphorylation with IC50 of 10 _M.,C1(S(/C=C/C#N)(=O)=O)C=CC(=CC=1)C(C)(C)C,200.54,https://www.selleckchem.com/products/bay-11-7085.html,NF-kB,sample
SelleckChem006 1to5,SP0147-A,M13,AVL-292,S7173,SW219474-1,2,m,13,13,192962682,423.44,1202757-89-8,free base,BTK,AVL-292 is a covalent; orally active; and highly selective BTK inhibitor with IC50 of <0.5 nM; displaying at least 1400-fold selectivity over the other kinases assayed. Phase 1.,C1(=CN=C(N=C1NC2=CC(=CC=C2)NC(C=C)=O)NC3=CC=C(C=C3)OCCOC)F,200,http://www.selleckchem.com/products/avl-292.html,Angiogenesis,sample
SelleckChem006 1to5,SP0147-A,M14,AdipoRon,S7365,SW219831-1,2,m,14,13,192918375,428.52,924416-43-3,free base,Others,AdipoRon is a novel; and orally bioavailable adiponectin receptor agonist with KD of 1.8 and 3.1 _M for AdipoR1 and AdipoR2; respectively.,C1=CC=CC(=C1)C(C2=CC=C(C=C2)OCC(=O)NC3CCN(CC3)CC4=CC=CC=C4)=O,233,http://www.selleckchem.com/products/AdipoRon.html,Others,sample
SelleckChem006 1to5,SP0147-A,M15,RKI-1447,S7195,SW219877-1,2,m,15,13,192962603,326.37,1342278-01-6,free base,ROCK,RKI-1447 is a potent inhibitor of ROCK1 and ROCK2; with IC50 of 14.5 nM and 6.2 nM; respectively; has anti-invasive and antitumor activities.,C1=NC=CC(=C1)C2N=C(SC=2)NC(NCC3=CC=CC(=C3)O)=O,199,http://www.selleckchem.com/products/rki-1447.html,Cell Cycle,sample
SelleckChem006 1to5,SP0147-A,M16,E-64,S7379,SW219440-1,2,m,16,13,192917367,357.41,66701-25-5,free base,Cathepsin K,E-64 is an irreversible and selective cysteine protease inhibitor with IC50 of 9 nM for papain.,C1(=CC=C2C(=C1O)C(C3[C@@]([C@H]2C)([C@@H]([C@@]4([C@](C=3O)(C(C(=C([C@H]4N(C)C)O)C(=O)N)=O)O)[H])O)[H])=O).C5(=CC=C6C(=C5O)C(C7[C@@]([C@H]6C)([C@@H]([C@@]8([C@](C=7O)(C(C(=C([C@H]8N(C)C)O)C(=O)N)=O)O)[H])O)[H])=O).Cl.O.CCO.Cl,198,http://www.selleckchem.com/products/e-64.html,Proteases,sample
SelleckChem006 1to5,SP0147-A,M17,Skepinone-L,S7214,SW219942-1,2,m,17,13,192931197,425.42,1221485-83-1,free base,p38 MAPK,Skepinone-L is a selective p38_-MAPK inhibitor with IC50 of 5 nM.,C12C(C(C3C(CC1)=CC=C(C=3)OC[C@@H](CO)O)=O)=CC=C(C=2)NC4C(=CC(=CC=4)F)F,199,http://www.selleckchem.com/products/skepinone-l.html,MAPK,sample
SelleckChem006 1to5,SP0147-A,M18,FLI-06,S7399,SW220073-1,2,m,18,13,192932697,438.52,313967-18-9,free base,Notch,FLI-06 is a novel inhibitor of Notch signaling with EC50 of 2.3 _M.,CC1=C(C(C2=C(N1)CC(CC2=O)(C)C)C3=CC=C(C=C3)[N+](=O)[O-])C(=O)OC4CCCCC4,200,http://www.selleckchem.com/products/fli-06.html,Stem Cells &  Wnt,sample
SelleckChem006 1to5,SP0147-A,M19,IOX1,S7234,SW218200-2,2,m,19,13,192900119,189.17,5852-78-8,Free Base,Histone demethylases,IOX1 is a potent and broad-spectrum inhibitor of 2OG oxygenases; including the JmjC demethylases.,C1=CC=C2C(=N1)C(=CC=C2C(O)=O)O,37,www.selleckchem.com/products/iox1.html,Epigenetics,sample
SelleckChem006 1to5,SP0147-A,M20,SB-3CT,S7430,SW219838-1,2,m,20,13,192945251,306.4,292605-14-2,Free Base,MMP,SB-3CT is an effective and selective gelatinase inhibitor with Ki of 13.9 nM and 600 nM for MMP-2 and MMP-9; respectively.,,,,,sample
SelleckChem006 1to5,SP0147-A,M21,AZD2858,S7253,SW219701-1,2,m,21,13,192900319,453.52,486424-20-8,free base,GSK-3,AZD2858 is a selective GSK-3 inhibitor with an IC50 of 68 nM; activating Wnt signaling; increases bone mass in rats.,C1=C(N=C(C(=N1)N)C(=O)NC2=CN=CC=C2)C3=CC=C(C=C3)S(=O)(=O)N4CCN(CC4)C,15,http://www.selleckchem.com/products/azd2858.html,PI3K/Akt/mTOR,sample
SelleckChem006 1to5,SP0147-A,M22,CORM-3,S7448,SW222247-1,2,m,22,13,192964155,294.61,475473-26-8,Free Base,Others,CORM-3 is a water-soluble carbon monoxide-releasing molecule with anti-inflammatory and cardioprotective activity.,[Ru]1(C=O)(C=O)(C=O)(NCC(O1)=O)Cl.[R],38,www.selleckchem.com/products/corm-3.html,Others,sample
SelleckChem006 1to5,SP0147-A,M23,,Bx,Bx-M23,,,,,,,,,,,,,,,vehicle_control
SelleckChem006 1to5,SP0147-A,M24,,Bx,Bx-M24,,,,,,,,,,,,,,,vehicle_control
SelleckChem006 1to5,SP0147-A,N01,,Bx,Bx-N01,,,,,,,,,,,,,,,vehicle_control
SelleckChem006 1to5,SP0147-A,N02,,Bx,Bx-N02,,,,,,,,,,,,,,,vehicle_control
SelleckChem006 1to5,SP0147-A,N03,YH239-EE,S7489,SW219674-1,2,m,3,14,192885255,504.41,1364488-67-4,Free Base,Mdm2,YH239-EE; the ethyl ester of YH239; is a potent p53-MDM2 antagonist and an apoptosis inducer. ,,,,,sample
SelleckChem006 1to5,SP0147-A,N04,,Bx,Bx-N04,,,,,,,,,,,,,,,vehicle_control
SelleckChem006 1to5,SP0147-A,N05,(S)-crizotinib,S7505,SW220066-1,2,m,5,14,192917195,450.34,1374356-45-2,free base,MTH,(S)-crizotinib; the (S)-enantiomer of crizotinib; is a potent MTH1 (NUDT1) inhibitor with IC50 of 72 nM.,CC(C1=C(C=CC(=C1Cl)F)Cl)OC2=C(N=CC(=C2)C3=CN(N=C3)C4CCNCC4)N,99,http://www.selleckchem.com/products/s-crizotinib.html,Others,sample
SelleckChem006 1to5,SP0147-A,N06,,Bx,Bx-N06,,,,,,,,,,,,,,,vehicle_control
SelleckChem006 1to5,SP0147-A,N07,Darapladib (SB-480848),S7520,SW219569-1,2,m,7,14,192917401,666.77,356057-34-6,Free Base,Phospholipase (e.g. ,Darapladib (SB-480848) is a reversible lipoprotein-associated phospholipase A2 (Lp-PLA2) inhibitor with IC50 of 0.25 nM. Phase 3.,,,,,sample
SelleckChem006 1to5,SP0147-A,N08,,Bx,Bx-N08,,,,,,,,,,,,,,,vehicle_control
SelleckChem006 1to5,SP0147-A,N09,PTC-209 HBr,S7539,SW219305-1,2,m,9,14,192932615,576.1,1217022-63-3,Free Base,Others,PTC-209 HBr is the hydrobromide salt of PTC-209; which is a potent and selective BMI-1 inhibitor with IC50 of 0.5 _M; and results in irreversible reduction of cancer-initiating cells (CICs).,,,,,sample
SelleckChem006 1to5,SP0147-A,N10,,Bx,Bx-N10,,,,,,,,,,,,,,,vehicle_control
SelleckChem006 1to5,SP0147-A,N11,Filgotinib (GLPG0634),S7605,SW220020-1,2,m,11,14,192863726,425.5,1206161-97-8,Free Base,JAK,Filgotinib (GLPG0634) is a selective JAK1 inhibitor with IC50 of 10 nM; 28 nM; 810 nM; and 116 nM for JAK1; JAK2; JAK3; and TYK2; respectively. Phase 2.,,,,,sample
SelleckChem006 1to5,SP0147-A,N12,,Bx,Bx-N12,,,,,,,,,,,,,,,vehicle_control
SelleckChem006 1to5,SP0147-A,N13,SMI-4a,S8005,SW125737-2,2,m,13,14,192953830,273.23,438190-29-5,free base,Pim,SMI-4a is a potent inhibitor of Pim1 with IC50 of 17 nM; modest potent to Pim-2; does not significantly inhibit other serine/threonine- or tyrosine-kinases.,S1C(NC(C/1=C\C2C=C(C=CC=2)C(F)(F)F)=O)=O,201,http://www.selleckchem.com/products/smi-4a.html,JAK/STAT,sample
SelleckChem006 1to5,SP0147-A,N14,,Bx,Bx-N14,,,,,,,,,,,,,,,vehicle_control
SelleckChem006 1to5,SP0147-A,N15,AZD5363,S8019,SW220158-1,2,m,15,14,192899492,428.92,1143532-39-1,free base,Akt,AZD5363 potently inhibits all isoforms of Akt(Akt1/Akt2/Akt3) with IC50 of 3 nM/8 nM/8 nM; similar to P70S6K/PKA and lower activity towards ROCK1/2. Phase 1/2.,N1(CCC(CC1)(C(=O)N[C@@H](CCO)C2C=CC(=CC=2)Cl)N)C3C4=C(N=CN=3)NC=C4,200,http://www.selleckchem.com/products/azd5363.html,PI3K/Akt/mTOR,sample
SelleckChem006 1to5,SP0147-A,N16,,Bx,Bx-N16,,,,,,,,,,,,,,,vehicle_control
SelleckChem006 1to5,SP0147-A,N17,WY-14643 (Pirinixic Acid),S8029,SW203787-2,2,m,17,14,192945353,323.8,50892-23-4,free base,PPAR,WY 14643 (Pirinixic Acid) is a potent peroxisome proliferator and activator of PPAR_ with EC50 of 1.5 _M.,C1(NC2C(=C(C=CC=2)C)C)=NC(=NC(=C1)Cl)SCC(O)=O,200,http://www.selleckchem.com/products/wy-14643-pirinixic-acid.html,Metabolism,sample
SelleckChem006 1to5,SP0147-A,N18,,Bx,Bx-N18,,,,,,,,,,,,,,,vehicle_control
SelleckChem006 1to5,SP0147-A,N19,PU-H71,S8039,SW220214-1,2,m,19,14,179743070,512.37,873436-91-0,Free Base,HSP (e.g. HSP90),PU-H71 is a potent and selective inhibitor of HSP90 with IC50 of 51 nM. Phase 1.,N1=CN=C2C(=C1N)N=C(N2CCCNC(C)C)SC3=CC4=C(C=C3I)OCO4,100,www.selleckchem.com/products/pu-h71.html,Cytoskeletal Signaling,sample
SelleckChem006 1to5,SP0147-A,N20,,Bx,Bx-N20,,,,,,,,,,,,,,,vehicle_control
SelleckChem006 1to5,SP0147-A,N21,ETP-46464,S8050,SW219762-1,2,m,21,14,192944996,470.52,1345675-02-6,free base,mTOR;ATM/ATR,ETP-46464 is a potent and selective inhibitor of ATR with IC50 of 25 nM.,C1=CC(=CC2=C1N=CC3=C2N(C(OC3)=O)C4=CC=C(C=C4)C(C#N)(C)C)C5=CN=C6C(=C5)C=CC=C6,12,http://www.selleckchem.com/products/etp-46464.html,PI3K/Akt/mTOR,sample
SelleckChem006 1to5,SP0147-A,N22,,Bx,Bx-N22,,,,,,,,,,,,,,,vehicle_control
SelleckChem006 1to5,SP0147-A,N23,,Bx,Bx-N23,,,,,,,,,,,,,,,vehicle_control
SelleckChem006 1to5,SP0147-A,N24,,Bx,Bx-N24,,,,,,,,,,,,,,,vehicle_control
SelleckChem006 1to5,SP0147-A,O01,,Bx,Bx-O01,,,,,,,,,,,,,,,vehicle_control
SelleckChem006 1to5,SP0147-A,O02,,Bx,Bx-O02,,,,,,,,,,,,,,,vehicle_control
SelleckChem006 1to5,SP0147-A,O03,AZD3463,S7106,SW219925-1,2,m,3,15,192900179,448.95,1356962-20-3,free base,ALK,AZD3463 is a novel orally bioavailable ALK inhibitor with Ki of 0.75 nM; which also inhibits IGF1R with equivalent potency. ,C12=C(C=CC=C1)C(=CN2)C3=C(C=NC(=N3)NC4=C(C=C(C=C4)N5CCC(CC5)N)OC)Cl,53,http://www.selleckchem.com/products/azd3463.html,Protein Tyrosine Kinase,sample
SelleckChem006 1to5,SP0147-A,O04,CO-1686 (AVL-301),S7284,SW219475-1,2,m,4,15,179606340,555.55,1374640-70-6,free base,EGFR,CO-1686 is an irreversible; mutant-selective EGFR inhibitor with Ki of 21.5 nM and 303.3 nM for EGFRL858R/T790M and EGFRWT; respectively. Phase 1/2.,C1(=CN=C(N=C1NC2=CC=CC(=C2)NC(=O)C=C)NC3=C(C=C(C=C3)N4CCN(CC4)C(C)=O)OC)C(F)(F)F,180,http://www.selleckchem.com/products/co-1686.html,Protein Tyrosine Kinase,sample
SelleckChem006 1to5,SP0147-A,O05,XL888,S7122,SW219489-1,2,m,5,15,181342764,503.64,1149705-71-4,free base,HSP (e.g. HSP90),XL888 is an ATP-competitive inhibitor of HSP90 with IC50 of 24 nM.,C1(=NC=C(C=C1)C(=O)C2CC2)N3C4CCC3CC(C4)NC(=O)C5=CC(=C(C=C5C)C(N)=O)N[C@@H](CC)C,198,https://www.selleckchem.com/products/xl888.html,Cytoskeletal Signaling,sample
SelleckChem006 1to5,SP0147-A,O06,PJ34 HCl,S7300,SW219891-1,2,m,6,15,194474376,331.8,344458-15-7,Salt,PARP,PJ34 HCl is the hydrochloride salt of PJ34; which is a PARP inhibitor with EC50 of 20 nM and is equally potent to PARP1/2.,C12(C3=C(C(NC=1C=CC(=C2)NC(CN(C)C)=O)=O)C=CC=C3).Cl,66,www.selleckchem.com/products/pj34-hcl.html,DNA Damage,sample
SelleckChem006 1to5,SP0147-A,O07,P22077,S7133,SW219709-1,2,m,7,15,192884167,315.32,1247819-59-5,free base,DUB,P22077 is an inhibitor of ubiquitin-specific protease USP7 with EC50 of 8.6 _M; also inhibits the closely related USP47.,C1=C(SC(=C1[N+](=O)[O-])SC2=CC=C(C=C2F)F)C(=O)C,199,http://www.selleckchem.com/products/p22077.html,Ubiquitin,sample
SelleckChem006 1to5,SP0147-A,O08,EHop-016,S7319,SW219568-1,2,m,8,15,192900646,430.55,1380432-32-5,free base,Rac,EHop-016 is a specific Rac GTPase inhibitor with IC50 of 1.1 _M for Rac1; equally potent inhibition for Rac3.,C1(N=C(C=CN=1)NC2C=CC3N(C4C=CC=CC(C(C=2)=3)=4)CC)NCCCN5CCOCC5,199,http://www.selleckchem.com/products/ehop-016.html,Cell Cycle,sample
SelleckChem006 1to5,SP0147-A,O09,LGK-974,S7143,SW211728-2,2,m,9,15,179710026,396.44,1243244-14-5,free base,Wnt/beta-catenin,LGK-974 is a potent and specific PORCN inhibitor; and inhibits Wnt signaling with IC50 of 0.4 nM. Phase 1.,C1(=C(C=C(C=N1)CC(NC2=CC=C(C=N2)C3=CN=CC=N3)=O)C)C4=CC=NC(=C4)C,199,http://www.selleckchem.com/products/lgk-974.html,Stem Cells &  Wnt,sample
SelleckChem006 1to5,SP0147-A,O10,K-Ras(G12C) inhibitor 9,S7332,SW219243-1,2,m,10,15,194487362,513.78,1469337-91-4 ,Free Base,Rho,K-Ras(G12C) inhibitor 9 is an allosteric inhibitor of oncogenic K-Ras(G12C). ,,,,,sample
SelleckChem006 1to5,SP0147-A,O11,Batimastat (BB-94),S7155,SW220293-1,2,m,11,15,192916514,477.64,130370-60-4,free base,MMP,Batimastat (BB-94) is a potent; broad spectrum matrix metalloprotease (MMP) inhibitor for MMP-1; MMP-2; MMP-9; MMP-7 and MMP-3 with IC50 of 3 nM; 4 nM; 4 nM; 6 nM and 20 nM; respectively.,ONC([C@H]([C@@H](C(N[C@@H](C(=O)NC)CC1=CC=CC=C1)=O)CC(C)C)CSC2SC=CC=2)=O,200,https://www.selleckchem.com/products/bb-94.html,Proteases,sample
SelleckChem006 1to5,SP0147-A,O12,EPZ004777,S7353,SW219207-1,2,m,12,15,192961155,539.67,1338466-77-5,free base,Histone Methyltransferase,EPZ004777 is a potent; selective DOT1L inhibitor with IC50 of 0.4 nM.,C(CNC(NC1=CC=C(C=C1)C(C)(C)C)=O)CN(C[C@@H]2[C@H]([C@H]([C@@H](O2)N3C4=C(C=C3)C(=NC=N4)N)O)O)C(C)C,185,https://www.selleckchem.com/products/epz004777.html,Epigenetics,sample
SelleckChem006 1to5,SP0147-A,O13,SKI II,S7176,SW123515-2,2,m,13,15,192898702,302.78,312636-16-1,free base,S1P Receptor,SKI II is a highly selective and non ATP-competitive S1P receptor inhibitor with IC50 of 0.5 _M; while exhibits no inhibitory on other kinases including PI3K; PKC_ and ERK2.,C1(C2=CC=C(C=C2)Cl)N=C(NC3=CC=C(C=C3)O)SC=1,201,http://www.selleckchem.com/products/ski-ii.html,GPCR & G Protein,sample
SelleckChem006 1to5,SP0147-A,O14,GNE-0877,S7367,SW220180-1,2,m,14,15,192940767,339.32,1374828-69-9,Free Base,LRRK2,GNE-0877 is a highly potent and selective leucine-rich repeat kinase 2 (LRRK2) inhibitor with Ki of 0.7 nM.,N1=C(N=C(C(=C1)C(F)(F)F)NC)NC2=CN(N=C2C)C(C#N)(C)C,67,www.selleckchem.com/products/gne-0877.html,Autophagy,sample
SelleckChem006 1to5,SP0147-A,O15,BIO,S7198,SW219792-1,2,m,15,15,192892188,356.17,667463-62-9,free base,GSK-3,BIO (6-bromoindirubin-3'-oxime) is a specific inhibitor of GSK-3 with IC50 of 5 nM for GSK-3_/_; shows >16-fold selectivity over CDK5; also a pan-JAK inhibitor.,C1=CC=C2C(=C1)C(\C(N2)=C3\C(NC4=C3C=CC(=C4)Br)=O)=N\O,199,http://www.selleckchem.com/products/bio.html,PI3K/Akt/mTOR,sample
SelleckChem006 1to5,SP0147-A,O16,Leupeptin Hemisulfate,S7380,SW222248-1,2,m,16,15,192916848,475.59,103476-89-7,Free Base,Serine Protease,Leupeptin Hemisulfate is a reversible inhibitor of serine and cysteine proteases.,,,,,sample
SelleckChem006 1to5,SP0147-A,O17,Losmapimod (GW856553X),S7215,SW219307-1,2,m,17,15,179676341,383.46,585543-15-3,Free Base,p38 MAPK,Losmapimod (GW856553X) is a selective; potent; and orally active p38 MAPK inhibitor with pKi of 8.1 and 7.6 for p38_ and p38_; respectively. Phase 3.,C1(=CC(=C(C(=C1)C2=CC=C(C=N2)C(NCC(C)(C)C)=O)C)F)C(NC3CC3)=O,76,www.selleckchem.com/products/losmapimod-gw856553x.html,MAPK,sample
SelleckChem006 1to5,SP0147-A,O18,Caffeic Acid Phenethyl Ester,S7414,SW219156-1,2,m,18,15,192921799,284.31,104594-70-9,free base,NF-_B,Caffeic acid phenethyl ester is a potent and specific inhibitor of NF-_B activation; and also displays antioxidant; immunomodulatory and antiinflammatory activities.,C(/C=C/C1C=C(O)C(O)=CC=1)(=O)OCCC2C=CC=CC=2,200,http://www.selleckchem.com/products/caffeic-acid-phenethyl-ester.html,NF-_B,sample
SelleckChem006 1to5,SP0147-A,O19,OG-L002,S7237,SW220002-1,2,m,19,15,194483535,225.29,1357302-64-7,free base,Histone demethylases,OG-L002 is a potent and specific LSD1 inhibitor with IC50 of 20 nM; exhibiting 36- and 69-fold selectivity over MAO-B and MAO-A; respectively.,C1C(C1N)C2=CC=C(C=C2)C3=CC(=CC=C3)O,199,http://www.selleckchem.com/products/og-l002.html,Epigenetics,sample
SelleckChem006 1to5,SP0147-A,O20,TAPI-1,S7434,SW219805-1,2,m,20,15,192917622,499.6,171235-71-5,Free Base,Others,TAPI-1 is an ADAM17/TACE inhibitor; which blocks shedding of cytokine receptors.,,,,,sample
SelleckChem006 1to5,SP0147-A,O21,NMS-P937 (NMS1286937),S7255,SW219402-1,2,m,21,15,194483556,532.52,1034616-18-6,Free Base,PLK,NMS-P937 (NMS1286937) is an orally available; selective Polo-like Kinase 1 (PLK1) inhibitor with IC50 of 2 nM; 5000-fold selectivity over PLK2/PLK3. Phase 1.,,,,,sample
SelleckChem006 1to5,SP0147-A,O22,CRT0044876,S7449,SW219854-1,2,m,22,15,192917353,206.15,6960-45-8,free base,APE,CRT0044876 is a potent and selective APE1 inhibitor with IC50 of ~3 _M.,C1=CC2=C(C(=C1)[N+](=O)[O-])NC(=C2)C(=O)O,198,http://www.selleckchem.com/products/crt0044876.html,DNA Damage,sample
SelleckChem006 1to5,SP0147-A,O23,,Bx,Bx-O23,,,,,,,,,,,,,,,vehicle_control
SelleckChem006 1to5,SP0147-A,O24,,Bx,Bx-O24,,,,,,,,,,,,,,,vehicle_control
SelleckChem006 1to5,SP0147-A,P01,,Bx,Bx-P01,,,,,,,,,,,,,,,vehicle_control
SelleckChem006 1to5,SP0147-A,P02,,Bx,Bx-P02,,,,,,,,,,,,,,,vehicle_control
SelleckChem006 1to5,SP0147-A,P03,WIKI4,S7490,SW219859-1,2,m,3,16,179668906,521.59,838818-26-1,Free Base,Wnt/beta-catenin,WIKI4 is a novel Tankyrase inhibitor with IC50 of 15 nM for TNKS2; and leads to inhibition of Wnt/beta-catenin signaling. ,,,,,sample
SelleckChem006 1to5,SP0147-A,P04,,Bx,Bx-P04,,,,,,,,,,,,,,,vehicle_control
SelleckChem006 1to5,SP0147-A,P05,JNK Inhibitor IX,S7508,SW212510-3,2,m,5,16,179677949,332.42,312917-14-9,Free Base,JNK,JNK inhibitor IX is a selective and potent JNK inhibitor with pIC50 of 6.5 and 6.7 for JNK2 and JNK3; respectively.,C1CCC2=C(C1)C(=C(S2)NC(C3=CC=CC4=C3C=CC=C4)=O)C#N,20,www.selleckchem.com/products/jnk-inhibitor-ix.html,MAPK,sample
SelleckChem006 1to5,SP0147-A,P06,,Bx,Bx-P06,,,,,,,,,,,,,,,vehicle_control
SelleckChem006 1to5,SP0147-A,P07,GS-9973,S7523,SW220048-1,2,m,7,16,192917641,411.46,1229208-44-9,free base,Syk,GS-9973 is an orally bioavailable; selective Syk inhibitor with IC50 of 7.7 nM. Phase 2.,C1COCCN1C2=CC=C(C=C2)NC3=NC(=CN4C3=NC=C4)C5=CC6=C(C=C5)C=NN6,199,http://www.selleckchem.com/products/gs-9973.html,Angiogenesis,sample
SelleckChem006 1to5,SP0147-A,P08,,Bx,Bx-P08,,,,,,,,,,,,,,,vehicle_control
SelleckChem006 1to5,SP0147-A,P09,Pritelivir (BAY 57-1293),S7546,SW219861-1,2,m,9,16,192932910,402.49,348086-71-5,Free Base,Others,Pritelivir (BAY 57-1293) is a potent helicase primase inhibitor; exhibiting antiviral effect on herpes simplex virus (HSV) with IC50 of 20 nM for both HSV-1 and HSV-2.,,,,,sample
SelleckChem006 1to5,SP0147-A,P10,,Bx,Bx-P10,,,,,,,,,,,,,,,vehicle_control
SelleckChem006 1to5,SP0147-A,P11,Lomitapide,S7635,SW220160-1,2,m,11,16,192933099,692.71,182431-12-5,Free Base,Others,Lomitapide is a potent microsomal triglyceride transfer protein (MTP) inhibitor; used in the treatment of familial hypercholesterolemia.,,,,,sample
SelleckChem006 1to5,SP0147-A,P12,,Bx,Bx-P12,,,,,,,,,,,,,,,vehicle_control
SelleckChem006 1to5,SP0147-A,P13,BIX 01294,S8006,SW218202-2,2,m,13,16,192898614,600.02,1392399-03-9,hydrochloride,Histone Methyltransferase,BIX01294 is an inhibitor of G9a histone methyltransferase with IC50 of 2.7 _M; reduces H3K9me2 of bulk histones; also weakly inhibits GLP (primarily H3K9me3); no significant activity observed at other histone methyltransferases.,N1(C(=NC(=C2C=C(C(=CC=12)OC)OC)NC3CCN(CC3)CC4C=CC=CC=4)N5CCN(CCC5)C).Cl.Cl.Cl,163,http://www.selleckchem.com/products/bix-01294.html,Epigenetics,sample
SelleckChem006 1to5,SP0147-A,P14,,Bx,Bx-P14,,,,,,,,,,,,,,,vehicle_control
SelleckChem006 1to5,SP0147-A,P15,GW0742,S8020,SW203822-2,2,m,15,16,181359414,471.49,317318-84-6,free base,PPAR,GW0742 is a potent and highly selective PPAR_/_ agonist; with IC50 of 1 nM; with 1000-fold selectivity over hPPAR_ and hPPAR_.,N1=C(SC(=C1C)CSC2C=C(C)C(=CC=2)OCC(=O)O)C3C=C(C(=CC=3)C(F)(F)F)F,199,http://www.selleckchem.com/products/gw0742.html,Metabolism,sample
SelleckChem006 1to5,SP0147-A,P16,,Bx,Bx-P16,,,,,,,,,,,,,,,vehicle_control
SelleckChem006 1to5,SP0147-A,P17,NSC 23766,S8031,SW218167-2,2,m,17,16,192961213,530.96,1177865-17-6,hydrochloride,Rac,NSC 23766 is an inhibitor of Rac GTPase targeting Rac activation by guanine nucleotide exchange factors (GEFs) with IC50 of ~50 _M; does not inhibit the closely related  targets; Cdc42 or RhoA.,N1(C(=CC(=C2C=C(C=CC=12)NC3=NC(=NC(=C3)C)NC(CCCN(CC)CC)C)N)C).Cl.Cl.Cl,199,http://www.selleckchem.com/products/nsc-23766.html,Cell Cycle,sample
SelleckChem006 1to5,SP0147-A,P18,,Bx,Bx-P18,,,,,,,,,,,,,,,vehicle_control
SelleckChem006 1to5,SP0147-A,P19,GDC-0349,S8040,SW220121-1,2,m,19,16,192962728,452.55,1207360-89-1,free base,mTOR,GDC-0349 is a potent and selective ATP-competitive inhibitor of mTOR with Ki of 3.8 nM; 790-fold inhibitory effect against PI3K_ and other 266 kinases. Phase 1.,N(C(=O)NC1C=CC(=CC=1)C2N=C3C(=C(N=2)N4[C@H](COCC4)C)CCN(C3)C5COC5)CC,201,https://www.selleckchem.com/products/gdc-0349.html,PI3K/Akt/mTOR,sample
SelleckChem006 1to5,SP0147-A,P20,,Bx,Bx-P20,,,,,,,,,,,,,,,vehicle_control
SelleckChem006 1to5,SP0147-A,P21,Macitentan,S8051,SW219473-1,2,m,21,16,192931508,588.27,441798-33-0,free base,Endothelin Receptor,Macitentana (Actelion-1; ACT-064992) is an orally active; non-peptide; dual ETA/ETB (endothelin) receptor antagonist with IC50 of 0.5 nM/391 nM. Phase 3.,C1(=CN=C(N=C1)OCCOC2=C(C(=NC=N2)NS(=O)(NCCC)=O)C3=CC=C(C=C3)Br)Br,169,https://www.selleckchem.com/products/macitentan.html,GPCR & G Protein,sample
SelleckChem006 1to5,SP0147-A,P22,,Bx,Bx-P22,,,,,,,,,,,,,,,vehicle_control
SelleckChem006 1to5,SP0147-A,P23,,Bx,Bx-P23,,,,,,,,,,,,,,,vehicle_control
SelleckChem006 1to5,SP0147-A,P24,,Bx,Bx-P24,,,,,,,,,,,,,,,vehicle_control
