384 plate ID,Plate Map,Well,Human Readable Name,MoleculeID,Concentration,Unit,Well X,Well Y
RL HIFAN 001,SP20264,A03,RLUS-2072A,RLUS-2072A,-1,m,3,1
RL HIFAN 001,SP20264,A04,RLUS-2085A,RLUS-2085A,-1,m,4,1
RL HIFAN 001,SP20264,A05,RLUS-2072B,RLUS-2072B,-1,m,5,1
RL HIFAN 001,SP20264,A06,RLUS-2085B,RLUS-2085B,-1,m,6,1
RL HIFAN 001,SP20264,A07,RLUS-2072C,RLUS-2072C,-1,m,7,1
RL HIFAN 001,SP20264,A08,RLUS-2085C,RLUS-2085C,-1,m,8,1
RL HIFAN 001,SP20264,A09,RLUS-2072D,RLUS-2072D,-1,m,9,1
RL HIFAN 001,SP20264,A10,Well_DMSO_A10,Well_DMSO_A10,-1,m,10,1
RL HIFAN 001,SP20264,A11,RLUS-2072E,RLUS-2072E,-1,m,11,1
RL HIFAN 001,SP20264,A12,RLUS-2085E,RLUS-2085E,-1,m,12,1
RL HIFAN 001,SP20264,A13,RLUS-2072F,RLUS-2072F,-1,m,13,1
RL HIFAN 001,SP20264,A14,RLUS-2085F,RLUS-2085F,-1,m,14,1
RL HIFAN 001,SP20264,A15,RLUS-2073A,RLUS-2073A,-1,m,15,1
RL HIFAN 001,SP20264,A16,RLUS-2086A,RLUS-2086A,-1,m,16,1
RL HIFAN 001,SP20264,A17,RLUS-2073B,RLUS-2073B,-1,m,17,1
RL HIFAN 001,SP20264,A18,RLUS-2086B,RLUS-2086B,-1,m,18,1
RL HIFAN 001,SP20264,A19,RLUS-2073C,RLUS-2073C,-1,m,19,1
RL HIFAN 001,SP20264,A20,RLUS-2086C,RLUS-2086C,-1,m,20,1
RL HIFAN 001,SP20264,A21,RLUS-2073D,RLUS-2073D,-1,m,21,1
RL HIFAN 001,SP20264,A22,RLUS-2086D,RLUS-2086D,-1,m,22,1
RL HIFAN 001,SP20264,A23,LPS_A23,LPS_A23,-1,m,23,1
RL HIFAN 001,SP20264,A24,LPS_A24,LPS_A24,-1,m,24,1
RL HIFAN 001,SP20264,B03,RLUS-2137A,RLUS-2137A,-1,m,3,2
RL HIFAN 001,SP20264,B04,RLUS-2163A,RLUS-2163A,-1,m,4,2
RL HIFAN 001,SP20264,B05,RLUS-2137B,RLUS-2137B,-1,m,5,2
RL HIFAN 001,SP20264,B06,RLUS-2163B,RLUS-2163B,-1,m,6,2
RL HIFAN 001,SP20264,B07,RLUS-2137C,RLUS-2137C,-1,m,7,2
RL HIFAN 001,SP20264,B08,RLUS-2163C,RLUS-2163C,-1,m,8,2
RL HIFAN 001,SP20264,B09,RLUS-2137D,RLUS-2137D,-1,m,9,2
RL HIFAN 001,SP20264,B10,RLUS-2163D,RLUS-2163D,-1,m,10,2
RL HIFAN 001,SP20264,B11,RLUS-2137E,RLUS-2137E,-1,m,11,2
RL HIFAN 001,SP20264,B12,RLUS-2163E,RLUS-2163E,-1,m,12,2
RL HIFAN 001,SP20264,B13,RLUS-2137F,RLUS-2137F,-1,m,13,2
RL HIFAN 001,SP20264,B14,RLUS-2163F,RLUS-2163F,-1,m,14,2
RL HIFAN 001,SP20264,B15,RLUS-2138A,RLUS-2138A,-1,m,15,2
RL HIFAN 001,SP20264,B16,RLUS-2164A,RLUS-2164A,-1,m,16,2
RL HIFAN 001,SP20264,B17,RLUS-2138B,RLUS-2138B,-1,m,17,2
RL HIFAN 001,SP20264,B18,RLUS-2164B,RLUS-2164B,-1,m,18,2
RL HIFAN 001,SP20264,B19,RLUS-2138C,RLUS-2138C,-1,m,19,2
RL HIFAN 001,SP20264,B20,RLUS-2164C,RLUS-2164C,-1,m,20,2
RL HIFAN 001,SP20264,B21,RLUS-2138D,RLUS-2138D,-1,m,21,2
RL HIFAN 001,SP20264,B22,RLUS-2164D,RLUS-2164D,-1,m,22,2
RL HIFAN 001,SP20264,B23,LPS_B23,LPS_B23,-1,m,23,2
RL HIFAN 001,SP20264,B24,LPS_B24,LPS_B24,-1,m,24,2
RL HIFAN 001,SP20264,C03,RLUS-2073E,RLUS-2073E,-1,m,3,3
RL HIFAN 001,SP20264,C04,RLUS-2086E,RLUS-2086E,-1,m,4,3
RL HIFAN 001,SP20264,C05,RLUS-2073F,RLUS-2073F,-1,m,5,3
RL HIFAN 001,SP20264,C06,RLUS-2086F,RLUS-2086F,-1,m,6,3
RL HIFAN 001,SP20264,C07,RLUS-2074A,RLUS-2074A,-1,m,7,3
RL HIFAN 001,SP20264,C08,RLUS-2087A,RLUS-2087A,-1,m,8,3
RL HIFAN 001,SP20264,C09,RLUS-2074B,RLUS-2074B,-1,m,9,3
RL HIFAN 001,SP20264,C10,RLUS-2087B,RLUS-2087B,-1,m,10,3
RL HIFAN 001,SP20264,C11,RLUS-2074C,RLUS-2074C,-1,m,11,3
RL HIFAN 001,SP20264,C12,RLUS-2087C,RLUS-2087C,-1,m,12,3
RL HIFAN 001,SP20264,C13,RLUS-2074D,RLUS-2074D,-1,m,13,3
RL HIFAN 001,SP20264,C14,RLUS-2087D,RLUS-2087D,-1,m,14,3
RL HIFAN 001,SP20264,C15,RLUS-2074E,RLUS-2074E,-1,m,15,3
RL HIFAN 001,SP20264,C16,RLUS-2087E,RLUS-2087E,-1,m,16,3
RL HIFAN 001,SP20264,C17,RLUS-2074F,RLUS-2074F,-1,m,17,3
RL HIFAN 001,SP20264,C18,RLUS-2087F,RLUS-2087F,-1,m,18,3
RL HIFAN 001,SP20264,C19,RLUS-2075A,RLUS-2075A,-1,m,19,3
RL HIFAN 001,SP20264,C20,RLUS-2088A,RLUS-2088A,-1,m,20,3
RL HIFAN 001,SP20264,C21,RLUS-2075B,RLUS-2075B,-1,m,21,3
RL HIFAN 001,SP20264,C22,RLUS-2088B,RLUS-2088B,-1,m,22,3
RL HIFAN 001,SP20264,C23,LPS_C23,LPS_C23,-1,m,23,3
RL HIFAN 001,SP20264,C24,LPS_C24,LPS_C24,-1,m,24,3
RL HIFAN 001,SP20264,D03,RLUS-2138E,RLUS-2138E,-1,m,3,4
RL HIFAN 001,SP20264,D04,RLUS-2164E,RLUS-2164E,-1,m,4,4
RL HIFAN 001,SP20264,D05,RLUS-2140D,RLUS-2140D,-1,m,5,4
RL HIFAN 001,SP20264,D06,RLUS-2164F,RLUS-2164F,-1,m,6,4
RL HIFAN 001,SP20264,D07,RLUS-2139A,RLUS-2139A,-1,m,7,4
RL HIFAN 001,SP20264,D08,RLUS-2165A,RLUS-2165A,-1,m,8,4
RL HIFAN 001,SP20264,D09,RLUS-2139B,RLUS-2139B,-1,m,9,4
RL HIFAN 001,SP20264,D10,RLUS-2165B,RLUS-2165B,-1,m,10,4
RL HIFAN 001,SP20264,D11,RLUS-2139C,RLUS-2139C,-1,m,11,4
RL HIFAN 001,SP20264,D12,RLUS-2165C,RLUS-2165C,-1,m,12,4
RL HIFAN 001,SP20264,D13,RLUS-2139D,RLUS-2139D,-1,m,13,4
RL HIFAN 001,SP20264,D14,RLUS-2165D,RLUS-2165D,-1,m,14,4
RL HIFAN 001,SP20264,D15,RLUS-2139E,RLUS-2139E,-1,m,15,4
RL HIFAN 001,SP20264,D16,RLUS-2165E,RLUS-2165E,-1,m,16,4
RL HIFAN 001,SP20264,D17,RLUS-2139F,RLUS-2139F,-1,m,17,4
RL HIFAN 001,SP20264,D18,RLUS-2165F,RLUS-2165F,-1,m,18,4
RL HIFAN 001,SP20264,D19,RLUS-2140A,RLUS-2140A,-1,m,19,4
RL HIFAN 001,SP20264,D20,RLUS-2166A,RLUS-2166A,-1,m,20,4
RL HIFAN 001,SP20264,D21,RLUS-2140B,RLUS-2140B,-1,m,21,4
RL HIFAN 001,SP20264,D22,RLUS-2166B,RLUS-2166B,-1,m,22,4
RL HIFAN 001,SP20264,D23,LPS_D23,LPS_D23,-1,m,23,4
RL HIFAN 001,SP20264,D24,LPS_D24,LPS_D24,-1,m,24,4
RL HIFAN 001,SP20264,E03,RLUS-2075C,RLUS-2075C,-1,m,3,5
RL HIFAN 001,SP20264,E04,RLUS-2088C,RLUS-2088C,-1,m,4,5
RL HIFAN 001,SP20264,E05,RLUS-2075D,RLUS-2075D,-1,m,5,5
RL HIFAN 001,SP20264,E06,RLUS-2088D,RLUS-2088D,-1,m,6,5
RL HIFAN 001,SP20264,E07,RLUS-2075E,RLUS-2075E,-1,m,7,5
RL HIFAN 001,SP20264,E08,RLUS-2088E,RLUS-2088E,-1,m,8,5
RL HIFAN 001,SP20264,E09,RLUS-2075F,RLUS-2075F,-1,m,9,5
RL HIFAN 001,SP20264,E10,RLUS-2088F,RLUS-2088F,-1,m,10,5
RL HIFAN 001,SP20264,E11,RLUS-2076A,RLUS-2076A,-1,m,11,5
RL HIFAN 001,SP20264,E12,RLUS-2089A,RLUS-2089A,-1,m,12,5
RL HIFAN 001,SP20264,E13,RLUS-2076B,RLUS-2076B,-1,m,13,5
RL HIFAN 001,SP20264,E14,RLUS-2089B,RLUS-2089B,-1,m,14,5
RL HIFAN 001,SP20264,E15,RLUS-2076C,RLUS-2076C,-1,m,15,5
RL HIFAN 001,SP20264,E16,RLUS-2089C,RLUS-2089C,-1,m,16,5
RL HIFAN 001,SP20264,E17,RLUS-2076D,RLUS-2076D,-1,m,17,5
RL HIFAN 001,SP20264,E18,RLUS-2089D,RLUS-2089D,-1,m,18,5
RL HIFAN 001,SP20264,E19,RLUS-2076E,RLUS-2076E,-1,m,19,5
RL HIFAN 001,SP20264,E20,RLUS-2089E,RLUS-2089E,-1,m,20,5
RL HIFAN 001,SP20264,E21,RLUS-2076F,RLUS-2076F,-1,m,21,5
RL HIFAN 001,SP20264,E22,RLUS-2089F,RLUS-2089F,-1,m,22,5
RL HIFAN 001,SP20264,E23,LPS_E23,LPS_E23,-1,m,23,5
RL HIFAN 001,SP20264,E24,LPS_E24,LPS_E24,-1,m,24,5
RL HIFAN 001,SP20264,F03,RLUS-2140C,RLUS-2140C,-1,m,3,6
RL HIFAN 001,SP20264,F04,RLUS-2166C,RLUS-2166C,-1,m,4,6
RL HIFAN 001,SP20264,F05,RLUS-2138F,RLUS-2138F,-1,m,5,6
RL HIFAN 001,SP20264,F06,RLUS-2166D,RLUS-2166D,-1,m,6,6
RL HIFAN 001,SP20264,F07,RLUS-2140E,RLUS-2140E,-1,m,7,6
RL HIFAN 001,SP20264,F08,RLUS-2166E,RLUS-2166E,-1,m,8,6
RL HIFAN 001,SP20264,F09,RLUS-2140F,RLUS-2140F,-1,m,9,6
RL HIFAN 001,SP20264,F10,RLUS-2166F,RLUS-2166F,-1,m,10,6
RL HIFAN 001,SP20264,F11,RLUS-2141A,RLUS-2141A,-1,m,11,6
RL HIFAN 001,SP20264,F12,RLUS-2167A,RLUS-2167A,-1,m,12,6
RL HIFAN 001,SP20264,F13,RLUS-2141B,RLUS-2141B,-1,m,13,6
RL HIFAN 001,SP20264,F14,RLUS-2167B,RLUS-2167B,-1,m,14,6
RL HIFAN 001,SP20264,F15,RLUS-2141C,RLUS-2141C,-1,m,15,6
RL HIFAN 001,SP20264,F16,RLUS-2167C,RLUS-2167C,-1,m,16,6
RL HIFAN 001,SP20264,F17,RLUS-2141D,RLUS-2141D,-1,m,17,6
RL HIFAN 001,SP20264,F18,RLUS-2167D,RLUS-2167D,-1,m,18,6
RL HIFAN 001,SP20264,F19,RLUS-2141E,RLUS-2141E,-1,m,19,6
RL HIFAN 001,SP20264,F20,RLUS-2167E,RLUS-2167E,-1,m,20,6
RL HIFAN 001,SP20264,F21,RLUS-2141F,RLUS-2141F,-1,m,21,6
RL HIFAN 001,SP20264,F22,RLUS-2167F,RLUS-2167F,-1,m,22,6
RL HIFAN 001,SP20264,F23,LPS_F23,LPS_F23,-1,m,23,6
RL HIFAN 001,SP20264,F24,LPS_F24,LPS_F24,-1,m,24,6
RL HIFAN 001,SP20264,G03,RLUS-2077A,RLUS-2077A,-1,m,3,7
RL HIFAN 001,SP20264,G04,RLUS-2090A,RLUS-2090A,-1,m,4,7
RL HIFAN 001,SP20264,G05,RLUS-2077B,RLUS-2077B,-1,m,5,7
RL HIFAN 001,SP20264,G06,RLUS-2090B,RLUS-2090B,-1,m,6,7
RL HIFAN 001,SP20264,G07,RLUS-2077C,RLUS-2077C,-1,m,7,7
RL HIFAN 001,SP20264,G08,RLUS-2090C,RLUS-2090C,-1,m,8,7
RL HIFAN 001,SP20264,G09,RLUS-2077D,RLUS-2077D,-1,m,9,7
RL HIFAN 001,SP20264,G10,RLUS-2090D,RLUS-2090D,-1,m,10,7
RL HIFAN 001,SP20264,G11,RLUS-2077E,RLUS-2077E,-1,m,11,7
RL HIFAN 001,SP20264,G12,RLUS-2090E,RLUS-2090E,-1,m,12,7
RL HIFAN 001,SP20264,G13,RLUS-2077F,RLUS-2077F,-1,m,13,7
RL HIFAN 001,SP20264,G14,RLUS-2090F,RLUS-2090F,-1,m,14,7
RL HIFAN 001,SP20264,G15,RLUS-2078A,RLUS-2078A,-1,m,15,7
RL HIFAN 001,SP20264,G16,RLUS-2091A,RLUS-2091A,-1,m,16,7
RL HIFAN 001,SP20264,G17,RLUS-2078B,RLUS-2078B,-1,m,17,7
RL HIFAN 001,SP20264,G18,RLUS-2091B,RLUS-2091B,-1,m,18,7
RL HIFAN 001,SP20264,G19,RLUS-2078C,RLUS-2078C,-1,m,19,7
RL HIFAN 001,SP20264,G20,Well_DMSO_G20,Well_DMSO_G20,-1,m,20,7
RL HIFAN 001,SP20264,G21,RLUS-2078D,RLUS-2078D,-1,m,21,7
RL HIFAN 001,SP20264,G22,RLUS-2091D,RLUS-2091D,-1,m,22,7
RL HIFAN 001,SP20264,G23,LPS_G23,LPS_G23,-1,m,23,7
RL HIFAN 001,SP20264,G24,LPS_G24,LPS_G24,-1,m,24,7
RL HIFAN 001,SP20264,H03,RLUS-2142A,RLUS-2142A,-1,m,3,8
RL HIFAN 001,SP20264,H04,RLUS-2168A,RLUS-2168A,-1,m,4,8
RL HIFAN 001,SP20264,H05,RLUS-2142B,RLUS-2142B,-1,m,5,8
RL HIFAN 001,SP20264,H06,RLUS-2168B,RLUS-2168B,-1,m,6,8
RL HIFAN 001,SP20264,H07,RLUS-2142C,RLUS-2142C,-1,m,7,8
RL HIFAN 001,SP20264,H08,RLUS-2168C,RLUS-2168C,-1,m,8,8
RL HIFAN 001,SP20264,H09,RLUS-2142D,RLUS-2142D,-1,m,9,8
RL HIFAN 001,SP20264,H10,RLUS-2168D,RLUS-2168D,-1,m,10,8
RL HIFAN 001,SP20264,H11,RLUS-2142E,RLUS-2142E,-1,m,11,8
RL HIFAN 001,SP20264,H12,RLUS-2168E,RLUS-2168E,-1,m,12,8
RL HIFAN 001,SP20264,H13,RLUS-2142F,RLUS-2142F,-1,m,13,8
RL HIFAN 001,SP20264,H14,RLUS-2168F,RLUS-2168F,-1,m,14,8
RL HIFAN 001,SP20264,H15,RLUS-2143A,RLUS-2143A,-1,m,15,8
RL HIFAN 001,SP20264,H16,RLUS-2169A,RLUS-2169A,-1,m,16,8
RL HIFAN 001,SP20264,H17,RLUS-2143B,RLUS-2143B,-1,m,17,8
RL HIFAN 001,SP20264,H18,RLUS-2169B,RLUS-2169B,-1,m,18,8
RL HIFAN 001,SP20264,H19,RLUS-2143C,RLUS-2143C,-1,m,19,8
RL HIFAN 001,SP20264,H20,RLUS-2169C,RLUS-2169C,-1,m,20,8
RL HIFAN 001,SP20264,H21,RLUS-2143D,RLUS-2143D,-1,m,21,8
RL HIFAN 001,SP20264,H22,RLUS-2169D,RLUS-2169D,-1,m,22,8
RL HIFAN 001,SP20264,H23,LPS_H23,LPS_H23,-1,m,23,8
RL HIFAN 001,SP20264,H24,LPS_H24,LPS_H24,-1,m,24,8
RL HIFAN 001,SP20264,I03,RLUS-2078E,RLUS-2078E,-1,m,3,9
RL HIFAN 001,SP20264,I04,RLUS-2091E,RLUS-2091E,-1,m,4,9
RL HIFAN 001,SP20264,I05,RLUS-2078F,RLUS-2078F,-1,m,5,9
RL HIFAN 001,SP20264,I06,RLUS-2091F,RLUS-2091F,-1,m,6,9
RL HIFAN 001,SP20264,I07,RLUS-2079A,RLUS-2079A,-1,m,7,9
RL HIFAN 001,SP20264,I08,RLUS-2092A,RLUS-2092A,-1,m,8,9
RL HIFAN 001,SP20264,I09,RLUS-2079B,RLUS-2079B,-1,m,9,9
RL HIFAN 001,SP20264,I10,RLUS-2092B,RLUS-2092B,-1,m,10,9
RL HIFAN 001,SP20264,I11,RLUS-2079C,RLUS-2079C,-1,m,11,9
RL HIFAN 001,SP20264,I12,RLUS-2092C,RLUS-2092C,-1,m,12,9
RL HIFAN 001,SP20264,I13,RLUS-2079D,RLUS-2079D,-1,m,13,9
RL HIFAN 001,SP20264,I14,RLUS-2092D,RLUS-2092D,-1,m,14,9
RL HIFAN 001,SP20264,I15,RLUS-2079E,RLUS-2079E,-1,m,15,9
RL HIFAN 001,SP20264,I16,RLUS-2092E,RLUS-2092E,-1,m,16,9
RL HIFAN 001,SP20264,I17,RLUS-2079F,RLUS-2079F,-1,m,17,9
RL HIFAN 001,SP20264,I18,RLUS-2092F,RLUS-2092F,-1,m,18,9
RL HIFAN 001,SP20264,I19,RLUS-2080A,RLUS-2080A,-1,m,19,9
RL HIFAN 001,SP20264,I20,RLUS-2093A,RLUS-2093A,-1,m,20,9
RL HIFAN 001,SP20264,I21,RLUS-2080B,RLUS-2080B,-1,m,21,9
RL HIFAN 001,SP20264,I22,RLUS-2093B,RLUS-2093B,-1,m,22,9
RL HIFAN 001,SP20264,I23,LPS_I23,LPS_I23,-1,m,23,9
RL HIFAN 001,SP20264,I24,LPS_I24,LPS_I24,-1,m,24,9
RL HIFAN 001,SP20264,J03,RLUS-2143E,RLUS-2143E,-1,m,3,10
RL HIFAN 001,SP20264,J04,RLUS-2169E,RLUS-2169E,-1,m,4,10
RL HIFAN 001,SP20264,J05,RLUS-2143F,RLUS-2143F,-1,m,5,10
RL HIFAN 001,SP20264,J06,RLUS-2169F,RLUS-2169F,-1,m,6,10
RL HIFAN 001,SP20264,J07,RLUS-2144A,RLUS-2144A,-1,m,7,10
RL HIFAN 001,SP20264,J08,RLUS-2170A,RLUS-2170A,-1,m,8,10
RL HIFAN 001,SP20264,J09,RLUS-2144B,RLUS-2144B,-1,m,9,10
RL HIFAN 001,SP20264,J10,RLUS-2170B,RLUS-2170B,-1,m,10,10
RL HIFAN 001,SP20264,J11,RLUS-2144C,RLUS-2144C,-1,m,11,10
RL HIFAN 001,SP20264,J12,RLUS-2170C,RLUS-2170C,-1,m,12,10
RL HIFAN 001,SP20264,J13,RLUS-2144D,RLUS-2144D,-1,m,13,10
RL HIFAN 001,SP20264,J14,RLUS-2170D,RLUS-2170D,-1,m,14,10
RL HIFAN 001,SP20264,J15,RLUS-2144E,RLUS-2144E,-1,m,15,10
RL HIFAN 001,SP20264,J16,RLUS-2170E,RLUS-2170E,-1,m,16,10
RL HIFAN 001,SP20264,J17,RLUS-2144F,RLUS-2144F,-1,m,17,10
RL HIFAN 001,SP20264,J18,RLUS-2170F,RLUS-2170F,-1,m,18,10
RL HIFAN 001,SP20264,J19,RLUS-2145A,RLUS-2145A,-1,m,19,10
RL HIFAN 001,SP20264,J20,RLUS-2171A,RLUS-2171A,-1,m,20,10
RL HIFAN 001,SP20264,J21,RLUS-2145B,RLUS-2145B,-1,m,21,10
RL HIFAN 001,SP20264,J22,RLUS-2171B,RLUS-2171B,-1,m,22,10
RL HIFAN 001,SP20264,J23,LPS_J23,LPS_J23,-1,m,23,10
RL HIFAN 001,SP20264,J24,LPS_J24,LPS_J24,-1,m,24,10
RL HIFAN 001,SP20264,K03,RLUS-2080C,RLUS-2080C,-1,m,3,11
RL HIFAN 001,SP20264,K04,RLUS-2093C,RLUS-2093C,-1,m,4,11
RL HIFAN 001,SP20264,K05,RLUS-2080D,RLUS-2080D,-1,m,5,11
RL HIFAN 001,SP20264,K06,RLUS-2093D,RLUS-2093D,-1,m,6,11
RL HIFAN 001,SP20264,K07,RLUS-2080E,RLUS-2080E,-1,m,7,11
RL HIFAN 001,SP20264,K08,RLUS-2093E,RLUS-2093E,-1,m,8,11
RL HIFAN 001,SP20264,K09,RLUS-2080F,RLUS-2080F,-1,m,9,11
RL HIFAN 001,SP20264,K10,RLUS-2093F,RLUS-2093F,-1,m,10,11
RL HIFAN 001,SP20264,K11,RLUS-2081A,RLUS-2081A,-1,m,11,11
RL HIFAN 001,SP20264,K12,RLUS-2094A,RLUS-2094A,-1,m,12,11
RL HIFAN 001,SP20264,K13,RLUS-2081B,RLUS-2081B,-1,m,13,11
RL HIFAN 001,SP20264,K14,RLUS-2094B,RLUS-2094B,-1,m,14,11
RL HIFAN 001,SP20264,K15,RLUS-2081C,RLUS-2081C,-1,m,15,11
RL HIFAN 001,SP20264,K16,RLUS-2094C,RLUS-2094C,-1,m,16,11
RL HIFAN 001,SP20264,K17,RLUS-2081D,RLUS-2081D,-1,m,17,11
RL HIFAN 001,SP20264,K18,RLUS-2094D,RLUS-2094D,-1,m,18,11
RL HIFAN 001,SP20264,K19,RLUS-2081E,RLUS-2081E,-1,m,19,11
RL HIFAN 001,SP20264,K20,RLUS-2094E,RLUS-2094E,-1,m,20,11
RL HIFAN 001,SP20264,K21,RLUS-2081F,RLUS-2081F,-1,m,21,11
RL HIFAN 001,SP20264,K22,RLUS-2094F,RLUS-2094F,-1,m,22,11
RL HIFAN 001,SP20264,K23,LPS_K23,LPS_K23,-1,m,23,11
RL HIFAN 001,SP20264,K24,LPS_K24,LPS_K24,-1,m,24,11
RL HIFAN 001,SP20264,L03,RLUS-2145C,RLUS-2145C,-1,m,3,12
RL HIFAN 001,SP20264,L04,RLUS-2171C,RLUS-2171C,-1,m,4,12
RL HIFAN 001,SP20264,L05,RLUS-2145D,RLUS-2145D,-1,m,5,12
RL HIFAN 001,SP20264,L06,RLUS-2171D,RLUS-2171D,-1,m,6,12
RL HIFAN 001,SP20264,L07,RLUS-2145E,RLUS-2145E,-1,m,7,12
RL HIFAN 001,SP20264,L08,RLUS-2171E,RLUS-2171E,-1,m,8,12
RL HIFAN 001,SP20264,L09,RLUS-2145F,RLUS-2145F,-1,m,9,12
RL HIFAN 001,SP20264,L10,RLUS-2171F,RLUS-2171F,-1,m,10,12
RL HIFAN 001,SP20264,L11,RLUS-2146A,RLUS-2146A,-1,m,11,12
RL HIFAN 001,SP20264,L12,RLUS-2172A,RLUS-2172A,-1,m,12,12
RL HIFAN 001,SP20264,L13,RLUS-2146B,RLUS-2146B,-1,m,13,12
RL HIFAN 001,SP20264,L14,RLUS-2172B,RLUS-2172B,-1,m,14,12
RL HIFAN 001,SP20264,L15,RLUS-2146C,RLUS-2146C,-1,m,15,12
RL HIFAN 001,SP20264,L16,RLUS-2172C,RLUS-2172C,-1,m,16,12
RL HIFAN 001,SP20264,L17,RLUS-2146D,RLUS-2146D,-1,m,17,12
RL HIFAN 001,SP20264,L18,RLUS-2172D,RLUS-2172D,-1,m,18,12
RL HIFAN 001,SP20264,L19,RLUS-2146E,RLUS-2146E,-1,m,19,12
RL HIFAN 001,SP20264,L20,RLUS-2172E,RLUS-2172E,-1,m,20,12
RL HIFAN 001,SP20264,L21,RLUS-2146F,RLUS-2146F,-1,m,21,12
RL HIFAN 001,SP20264,L22,RLUS-2172F,RLUS-2172F,-1,m,22,12
RL HIFAN 001,SP20264,L23,LPS_L23,LPS_L23,-1,m,23,12
RL HIFAN 001,SP20264,L24,LPS_L24,LPS_L24,-1,m,24,12
RL HIFAN 001,SP20264,M03,Well_DMSO_M03,Well_DMSO_M03,-1,m,3,13
RL HIFAN 001,SP20264,M04,RLUS-2095A,RLUS-2095A,-1,m,4,13
RL HIFAN 001,SP20264,M05,RLUS-2082B,RLUS-2082B,-1,m,5,13
RL HIFAN 001,SP20264,M06,RLUS-2095B,RLUS-2095B,-1,m,6,13
RL HIFAN 001,SP20264,M07,RLUS-2082C,RLUS-2082C,-1,m,7,13
RL HIFAN 001,SP20264,M08,RLUS-2095C,RLUS-2095C,-1,m,8,13
RL HIFAN 001,SP20264,M09,RLUS-2082D,RLUS-2082D,-1,m,9,13
RL HIFAN 001,SP20264,M10,RLUS-2095D,RLUS-2095D,-1,m,10,13
RL HIFAN 001,SP20264,M11,Well_DMSO_M11,Well_DMSO_M11,-1,m,11,13
RL HIFAN 001,SP20264,M12,RLUS-2095E,RLUS-2095E,-1,m,12,13
RL HIFAN 001,SP20264,M13,RLUS-2082F,RLUS-2082F,-1,m,13,13
RL HIFAN 001,SP20264,M14,RLUS-2095F,RLUS-2095F,-1,m,14,13
RL HIFAN 001,SP20264,M15,RLUS-2083A,RLUS-2083A,-1,m,15,13
RL HIFAN 001,SP20264,M16,RLUS-2096A,RLUS-2096A,-1,m,16,13
RL HIFAN 001,SP20264,M17,RLUS-2083B,RLUS-2083B,-1,m,17,13
RL HIFAN 001,SP20264,M18,RLUS-2096B,RLUS-2096B,-1,m,18,13
RL HIFAN 001,SP20264,M19,RLUS-2083C,RLUS-2083C,-1,m,19,13
RL HIFAN 001,SP20264,M20,RLUS-2096C,RLUS-2096C,-1,m,20,13
RL HIFAN 001,SP20264,M21,RLUS-2083D,RLUS-2083D,-1,m,21,13
RL HIFAN 001,SP20264,M22,RLUS-2096D,RLUS-2096D,-1,m,22,13
RL HIFAN 001,SP20264,M23,LPS_M23,LPS_M23,-1,m,23,13
RL HIFAN 001,SP20264,M24,LPS_M24,LPS_M24,-1,m,24,13
RL HIFAN 001,SP20264,N03,RLUS-2147A,RLUS-2147A,-1,m,3,14
RL HIFAN 001,SP20264,N04,RLUS-2173A,RLUS-2173A,-1,m,4,14
RL HIFAN 001,SP20264,N05,RLUS-2147B,RLUS-2147B,-1,m,5,14
RL HIFAN 001,SP20264,N06,RLUS-2173B,RLUS-2173B,-1,m,6,14
RL HIFAN 001,SP20264,N07,RLUS-2147C,RLUS-2147C,-1,m,7,14
RL HIFAN 001,SP20264,N08,RLUS-2173C,RLUS-2173C,-1,m,8,14
RL HIFAN 001,SP20264,N09,RLUS-2147D,RLUS-2147D,-1,m,9,14
RL HIFAN 001,SP20264,N10,RLUS-2173D,RLUS-2173D,-1,m,10,14
RL HIFAN 001,SP20264,N11,RLUS-2147E,RLUS-2147E,-1,m,11,14
RL HIFAN 001,SP20264,N12,RLUS-2173E,RLUS-2173E,-1,m,12,14
RL HIFAN 001,SP20264,N13,RLUS-2147F,RLUS-2147F,-1,m,13,14
RL HIFAN 001,SP20264,N14,RLUS-2173F,RLUS-2173F,-1,m,14,14
RL HIFAN 001,SP20264,N15,RLUS-2148A,RLUS-2148A,-1,m,15,14
RL HIFAN 001,SP20264,N16,RLUS-2174A,RLUS-2174A,-1,m,16,14
RL HIFAN 001,SP20264,N17,RLUS-2148B,RLUS-2148B,-1,m,17,14
RL HIFAN 001,SP20264,N18,RLUS-2174B,RLUS-2174B,-1,m,18,14
RL HIFAN 001,SP20264,N19,RLUS-2148C,RLUS-2148C,-1,m,19,14
RL HIFAN 001,SP20264,N20,RLUS-2174C,RLUS-2174C,-1,m,20,14
RL HIFAN 001,SP20264,N21,RLUS-2148D,RLUS-2148D,-1,m,21,14
RL HIFAN 001,SP20264,N22,RLUS-2174D,RLUS-2174D,-1,m,22,14
RL HIFAN 001,SP20264,N23,LPS_N23,LPS_N23,-1,m,23,14
RL HIFAN 001,SP20264,N24,LPS_N24,LPS_N24,-1,m,24,14
RL HIFAN 001,SP20264,O03,RLUS-2083E,RLUS-2083E,-1,m,3,15
RL HIFAN 001,SP20264,O04,RLUS-2096E,RLUS-2096E,-1,m,4,15
RL HIFAN 001,SP20264,O05,RLUS-2083F,RLUS-2083F,-1,m,5,15
RL HIFAN 001,SP20264,O06,RLUS-2096F,RLUS-2096F,-1,m,6,15
RL HIFAN 001,SP20264,O07,RLUS-2084A,RLUS-2084A,-1,m,7,15
RL HIFAN 001,SP20264,O08,RLUS-2097A,RLUS-2097A,-1,m,8,15
RL HIFAN 001,SP20264,O09,RLUS-2084B,RLUS-2084B,-1,m,9,15
RL HIFAN 001,SP20264,O10,RLUS-2097B,RLUS-2097B,-1,m,10,15
RL HIFAN 001,SP20264,O11,RLUS-2084C,RLUS-2084C,-1,m,11,15
RL HIFAN 001,SP20264,O12,RLUS-2097C,RLUS-2097C,-1,m,12,15
RL HIFAN 001,SP20264,O13,RLUS-2084D,RLUS-2084D,-1,m,13,15
RL HIFAN 001,SP20264,O14,RLUS-2097D,RLUS-2097D,-1,m,14,15
RL HIFAN 001,SP20264,O15,RLUS-2084E,RLUS-2084E,-1,m,15,15
RL HIFAN 001,SP20264,O16,RLUS-2097E,RLUS-2097E,-1,m,16,15
RL HIFAN 001,SP20264,O17,RLUS-2084F,RLUS-2084F,-1,m,17,15
RL HIFAN 001,SP20264,O18,RLUS-2097F,RLUS-2097F,-1,m,18,15
RL HIFAN 001,SP20264,O19,Well_DMSO_O19,Well_DMSO_O19,-1,m,19,15
RL HIFAN 001,SP20264,O20,Well_DMSO_O20,Well_DMSO_O20,-1,m,20,15
RL HIFAN 001,SP20264,O21,Well_DMSO_O21,Well_DMSO_O21,-1,m,21,15
RL HIFAN 001,SP20264,O22,Well_DMSO_O22,Well_DMSO_O22,-1,m,22,15
RL HIFAN 001,SP20264,O23,LPS_O23,LPS_O23,-1,m,23,15
RL HIFAN 001,SP20264,O24,LPS_O24,LPS_O24,-1,m,24,15
RL HIFAN 001,SP20264,P03,RLUS-2148E,RLUS-2148E,-1,m,3,16
RL HIFAN 001,SP20264,P04,RLUS-2174E,RLUS-2174E,-1,m,4,16
RL HIFAN 001,SP20264,P05,RLUS-2148F,RLUS-2148F,-1,m,5,16
RL HIFAN 001,SP20264,P06,RLUS-2174F,RLUS-2174F,-1,m,6,16
RL HIFAN 001,SP20264,P07,RLUS-2149A,RLUS-2149A,-1,m,7,16
RL HIFAN 001,SP20264,P08,RLUS-2175A,RLUS-2175A,-1,m,8,16
RL HIFAN 001,SP20264,P09,RLUS-2149B,RLUS-2149B,-1,m,9,16
RL HIFAN 001,SP20264,P10,RLUS-2175B,RLUS-2175B,-1,m,10,16
RL HIFAN 001,SP20264,P11,RLUS-2149C,RLUS-2149C,-1,m,11,16
RL HIFAN 001,SP20264,P12,RLUS-2175C,RLUS-2175C,-1,m,12,16
RL HIFAN 001,SP20264,P13,RLUS-2149D,RLUS-2149D,-1,m,13,16
RL HIFAN 001,SP20264,P14,RLUS-2175D,RLUS-2175D,-1,m,14,16
RL HIFAN 001,SP20264,P15,RLUS-2149E,RLUS-2149E,-1,m,15,16
RL HIFAN 001,SP20264,P16,RLUS-2175E,RLUS-2175E,-1,m,16,16
RL HIFAN 001,SP20264,P17,RLUS-2149F,RLUS-2149F,-1,m,17,16
RL HIFAN 001,SP20264,P18,RLUS-2175F,RLUS-2175F,-1,m,18,16
RL HIFAN 001,SP20264,P19,Well_DMSO_P19,Well_DMSO_P19,-1,m,19,16
RL HIFAN 001,SP20264,P20,Well_DMSO_P20,Well_DMSO_P20,-1,m,20,16
RL HIFAN 001,SP20264,P21,Well_DMSO_P21,Well_DMSO_P21,-1,m,21,16
RL HIFAN 001,SP20264,P22,Well_DMSO_P22,Well_DMSO_P22,-1,m,22,16
RL HIFAN 001,SP20264,P23,LPS_P23,LPS_P23,-1,m,23,16
RL HIFAN 001,SP20264,P24,LPS_P24,LPS_P24,-1,m,24,16
